log,line,solver,iteration,energy,bond_dimension,truncation_error,canonical_residual,runtime_seconds
results/armchair_offhalf_dmrg.log,1,ITensorMPS DMRG,1,-8.03651342863282,32,8.3e-06,,82.991
results/armchair_offhalf_dmrg.log,2,ITensorMPS DMRG,2,-8.037173035421251,32,9.04e-06,,13.852
results/armchair_offhalf_dmrg.log,3,ITensorMPS DMRG,3,-8.037174507211494,32,9.13e-06,,1.098
results/armchair_offhalf_dmrg.log,4,ITensorMPS DMRG,4,-8.037174575458968,32,9.11e-06,,1.64
results/armchair_offhalf_dmrg.log,5,ITensorMPS DMRG,5,-8.037174578223047,32,9.1e-06,,0.779
results/armchair_offhalf_dmrg.log,6,ITensorMPS DMRG,6,-8.03717457840552,32,9.1e-06,,0.714
results/armchair_offhalf_dmrg.log,7,ITensorMPS DMRG,7,-8.037174578417059,32,9.1e-06,,0.815
results/armchair_offhalf_dmrg.log,8,ITensorMPS DMRG,8,-8.037174578417789,32,9.1e-06,,0.966
results/armchair_offhalf_dmrg.log,9,ITensorMPS DMRG,1,-8.0376872795721,64,9.79e-07,,1.423
results/armchair_offhalf_dmrg.log,10,ITensorMPS DMRG,2,-8.037712686035423,64,5.4e-07,,1.315
results/armchair_offhalf_dmrg.log,11,ITensorMPS DMRG,3,-8.037712933225405,64,4.39e-07,,1.067
results/armchair_offhalf_dmrg.log,12,ITensorMPS DMRG,4,-8.037712974393811,64,4.28e-07,,1.087
results/armchair_offhalf_dmrg.log,13,ITensorMPS DMRG,5,-8.037712974894358,64,4.28e-07,,1.06
results/armchair_offhalf_dmrg.log,14,ITensorMPS DMRG,6,-8.037712974899305,64,4.28e-07,,1.044
results/armchair_offhalf_dmrg.log,15,ITensorMPS DMRG,7,-8.037712974899494,64,4.28e-07,,1.06
results/armchair_offhalf_dmrg.log,16,ITensorMPS DMRG,8,-8.037712974899513,64,4.28e-07,,1.012
results/armchair_offhalf_dmrg.log,17,ITensorMPS DMRG,1,-8.037740488367373,128,2.57e-08,,2.014
results/armchair_offhalf_dmrg.log,18,ITensorMPS DMRG,2,-8.037741546524028,128,1.01e-08,,2.337
results/armchair_offhalf_dmrg.log,19,ITensorMPS DMRG,3,-8.037741576515955,128,5.23e-09,,2.422
results/armchair_offhalf_dmrg.log,20,ITensorMPS DMRG,4,-8.037741594824565,128,2.32e-09,,2.656
results/armchair_offhalf_dmrg.log,21,ITensorMPS DMRG,5,-8.037741594945945,128,2.32e-09,,2.503
results/armchair_offhalf_dmrg.log,22,ITensorMPS DMRG,6,-8.037741594945736,128,2.32e-09,,2.533
results/armchair_offhalf_dmrg.log,23,ITensorMPS DMRG,7,-8.03774159494567,128,2.32e-09,,1.995
results/armchair_offhalf_dmrg.log,24,ITensorMPS DMRG,8,-8.037741594945658,128,2.32e-09,,2.613
results/armchair_offhalf_dmrg.log,25,ITensorMPS DMRG,1,-8.037741596789573,128,2.69e-09,,4.829
results/armchair_offhalf_dmrg.log,26,ITensorMPS DMRG,2,-8.037741596817813,128,2.55e-09,,3.034
results/armchair_offhalf_dmrg.log,27,ITensorMPS DMRG,3,-8.03774159681746,128,2.55e-09,,3.272
results/armchair_offhalf_dmrg.log,28,ITensorMPS DMRG,4,-8.037741596817417,128,2.55e-09,,3.832
results/armchair_offhalf_dmrg.log,29,ITensorMPS DMRG,5,-8.037741596817401,128,2.55e-09,,3.525
results/armchair_offhalf_dmrg.log,30,ITensorMPS DMRG,6,-8.03774159681741,128,2.55e-09,,4.027
results/armchair_offhalf_refinement.log,1,ITensorMPS DMRG,1,-8.037741644986488,256,6.84e-12,,50.258
results/armchair_offhalf_refinement.log,2,ITensorMPS DMRG,2,-8.037741645019874,256,1.29e-12,,6.164
results/armchair_offhalf_refinement.log,3,ITensorMPS DMRG,3,-8.037741644998082,230,9.86e-13,,11.435
results/armchair_offhalf_refinement.log,4,ITensorMPS DMRG,4,-8.037741644994766,230,9.95e-13,,4.104
results/armchair_offhalf_refinement.log,5,ITensorMPS DMRG,5,-8.037741644994787,230,9.93e-13,,4.029
results/armchair_offhalf_refinement.log,6,ITensorMPS DMRG,6,-8.037741644994782,230,9.93e-13,,3.417
results/armchair_offhalf_refinement.log,7,ITensorMPS DMRG,7,-8.037741644994782,230,9.93e-13,,2.718
results/armchair_offhalf_refinement.log,8,ITensorMPS DMRG,8,-8.037741644994776,230,9.93e-13,,3.301
results/armchair_offhalf_refinement.log,9,ITensorMPS DMRG,1,-8.037741644994778,230,9.93e-13,,3.408
results/armchair_offhalf_refinement.log,10,ITensorMPS DMRG,2,-8.03774164499478,230,9.93e-13,,2.815
results/armchair_offhalf_refinement.log,11,ITensorMPS DMRG,3,-8.03774164499478,230,9.93e-13,,3.382
results/armchair_offhalf_refinement.log,12,ITensorMPS DMRG,4,-8.037741644994775,230,9.93e-13,,2.974
results/armchair_offhalf_refinement.log,13,ITensorMPS DMRG,5,-8.037741644994771,230,9.93e-13,,3.492
results/armchair_offhalf_refinement.log,14,ITensorMPS DMRG,6,-8.037741644994783,230,9.93e-13,,2.988
results/armchair_offhalf_refinement.log,15,ITensorMPS DMRG,7,-8.037741644994775,230,9.93e-13,,3.467
results/armchair_offhalf_refinement.log,16,ITensorMPS DMRG,8,-8.037741644994776,230,9.93e-13,,2.98
results/audit_driver_selfcontained.log,10,ITensorInfiniteMPS VUMPS,1,,2,,0.6925348371817264,3.190138167
results/audit_driver_tolerance_validation.log,10,ITensorInfiniteMPS VUMPS,1,,2,,0.6925348371817264,3.650771834
results/audit_driver_validation_refined.log,2,ITensorInfiniteMPS VUMPS,1,,2,,0.0004552156104282094,2.1160415
results/batch.log,1,ITensorMPS DMRG,1,-14.948196495055553,32,0.000725,,18.974
results/batch.log,2,ITensorMPS DMRG,2,-14.979987876113363,32,0.00121,,0.455
results/batch.log,3,ITensorMPS DMRG,3,-14.986158246470158,32,0.00104,,0.43
results/batch.log,4,ITensorMPS DMRG,4,-14.990913012005656,32,0.000978,,0.551
results/batch.log,5,ITensorMPS DMRG,5,-14.993988587786736,32,0.000867,,0.396
results/batch.log,6,ITensorMPS DMRG,6,-14.995726405418484,32,0.000891,,0.388
results/batch.log,7,ITensorMPS DMRG,7,-14.996264740574404,32,0.000959,,0.382
results/batch.log,8,ITensorMPS DMRG,8,-14.99642149011812,32,0.000984,,0.397
results/batch.log,9,ITensorMPS DMRG,1,-15.009162464725891,64,4.74e-05,,0.61
results/batch.log,10,ITensorMPS DMRG,2,-15.009363596384565,64,6.63e-05,,0.684
results/batch.log,11,ITensorMPS DMRG,3,-15.009400554698718,64,6.82e-05,,0.647
results/batch.log,12,ITensorMPS DMRG,4,-15.009413183372576,64,6.92e-05,,0.577
results/batch.log,13,ITensorMPS DMRG,5,-15.009415489967171,64,6.94e-05,,0.566
results/batch.log,14,ITensorMPS DMRG,6,-15.009418508230315,64,6.84e-05,,0.583
results/batch.log,15,ITensorMPS DMRG,7,-15.009419028838359,64,6.84e-05,,0.57
results/batch.log,16,ITensorMPS DMRG,8,-15.009419245595371,64,6.85e-05,,0.575
results/batch.log,17,ITensorMPS DMRG,1,-15.009881042530004,128,4.34e-07,,1.097
results/batch.log,18,ITensorMPS DMRG,2,-15.009882771916606,128,1.68e-07,,1.27
results/batch.log,19,ITensorMPS DMRG,3,-15.009882997502856,128,1.21e-07,,1.443
results/batch.log,20,ITensorMPS DMRG,4,-15.00988304412226,128,1.16e-07,,1.045
results/batch.log,21,ITensorMPS DMRG,5,-15.009883048741058,128,1.16e-07,,1.002
results/batch.log,22,ITensorMPS DMRG,6,-15.009883051203722,128,1.16e-07,,0.988
results/batch.log,23,ITensorMPS DMRG,7,-15.009883052388885,128,1.16e-07,,1.016
results/batch.log,24,ITensorMPS DMRG,8,-15.00988305319582,128,1.16e-07,,1.015
results/batch.log,25,ITensorMPS DMRG,1,-15.15805265739749,32,0.00189,,0.369
results/batch.log,26,ITensorMPS DMRG,2,-15.217130339781308,32,0.00181,,0.443
results/batch.log,27,ITensorMPS DMRG,3,-15.229575115212953,32,0.00143,,0.459
results/batch.log,28,ITensorMPS DMRG,4,-15.23421845690487,32,0.0013,,0.631
results/batch.log,29,ITensorMPS DMRG,5,-15.236955416480967,32,0.00122,,0.431
results/batch.log,30,ITensorMPS DMRG,6,-15.238284013932292,32,0.00115,,0.425
results/batch.log,31,ITensorMPS DMRG,7,-15.239179772527217,32,0.0011,,0.43
results/batch.log,32,ITensorMPS DMRG,8,-15.240295923900852,32,0.00104,,0.431
results/batch.log,33,ITensorMPS DMRG,1,-15.302765519136564,64,0.00025,,0.7
results/batch.log,34,ITensorMPS DMRG,2,-15.31205376251654,64,0.000466,,0.813
results/batch.log,35,ITensorMPS DMRG,3,-15.317877720542937,64,0.000704,,0.791
results/batch.log,36,ITensorMPS DMRG,4,-15.319043486971939,64,0.000748,,0.721
results/batch.log,37,ITensorMPS DMRG,5,-15.319225535530165,64,0.000761,,0.713
results/batch.log,38,ITensorMPS DMRG,6,-15.319250301095888,64,0.000769,,0.733
results/batch.log,39,ITensorMPS DMRG,7,-15.319277240384704,64,0.000771,,0.705
results/batch.log,40,ITensorMPS DMRG,8,-15.31928269131543,64,0.000772,,0.705
results/batch.log,41,ITensorMPS DMRG,1,-15.341045460426443,128,8.23e-05,,1.699
results/batch.log,42,ITensorMPS DMRG,2,-15.342629862099367,128,0.000123,,2.19
results/batch.log,43,ITensorMPS DMRG,3,-15.342666318146087,128,0.000126,,1.918
results/batch.log,44,ITensorMPS DMRG,4,-15.342667997911215,128,0.000126,,1.662
results/batch.log,45,ITensorMPS DMRG,5,-15.34266862604305,128,0.000126,,1.969
results/batch.log,46,ITensorMPS DMRG,6,-15.342669223917381,128,0.000126,,1.738
results/batch.log,47,ITensorMPS DMRG,7,-15.342669891833001,128,0.000126,,1.669
results/batch.log,48,ITensorMPS DMRG,8,-15.342670682177308,128,0.000126,,1.664
results/batch.log,49,ITensorMPS DMRG,1,-26.263451218324047,32,0.00907,,0.809
results/batch.log,50,ITensorMPS DMRG,2,-27.69157123571262,32,0.0171,,1.143
results/batch.log,51,ITensorMPS DMRG,3,-27.854111810525406,32,0.018,,1.286
results/batch.log,52,ITensorMPS DMRG,4,-27.903132988037058,32,0.0191,,1.068
results/batch.log,53,ITensorMPS DMRG,5,-27.92469358258989,32,0.0195,,1.386
results/batch.log,54,ITensorMPS DMRG,6,-27.93723748306841,32,0.0196,,1.112
results/batch.log,55,ITensorMPS DMRG,7,-27.946332685826512,32,0.0191,,1.113
results/batch.log,56,ITensorMPS DMRG,8,-27.957184173859083,32,0.019,,1.083
results/batch.log,57,ITensorMPS DMRG,1,-28.818831176926047,64,0.00151,,1.963
results/batch.log,58,ITensorMPS DMRG,2,-28.95368453319712,64,0.00329,,2.4
results/batch.log,59,ITensorMPS DMRG,3,-28.97375066377933,64,0.00358,,2.772
results/batch.log,60,ITensorMPS DMRG,4,-28.984842297254627,64,0.00359,,2.139
results/batch.log,61,ITensorMPS DMRG,5,-28.99343115003925,64,0.00359,,2.005
results/batch.log,62,ITensorMPS DMRG,6,-29.000516514747193,64,0.00356,,2.329
results/batch.log,63,ITensorMPS DMRG,7,-29.008420657476282,64,0.00332,,2.203
results/batch.log,64,ITensorMPS DMRG,8,-29.01274850141593,64,0.00304,,2.122
results/batch.log,65,ITensorMPS DMRG,1,-29.451677939274433,128,0.00064,,5.896
results/batch.log,66,ITensorMPS DMRG,2,-29.49824322412884,128,0.0014,,6.402
results/batch.log,67,ITensorMPS DMRG,3,-29.50872236932517,128,0.00151,,6.769
results/batch.log,68,ITensorMPS DMRG,4,-29.516380394686102,128,0.00153,,5.887
results/batch.log,69,ITensorMPS DMRG,5,-29.524022880990128,128,0.00149,,6.608
results/batch.log,70,ITensorMPS DMRG,6,-29.53241689869436,128,0.0014,,6.223
results/batch.log,71,ITensorMPS DMRG,7,-29.541041202469007,128,0.0013,,7.65
results/batch.log,72,ITensorMPS DMRG,8,-29.54719361847984,128,0.0012,,7.337
results/batch.log,73,ITensorMPS DMRG,1,-27.04923569088622,32,0.00798,,1.514
results/batch.log,74,ITensorMPS DMRG,2,-27.80476613921229,32,0.0238,,1.892
results/batch.log,75,ITensorMPS DMRG,3,-27.879881378901608,32,0.022,,1.734
results/batch.log,76,ITensorMPS DMRG,4,-27.9019961894158,32,0.0209,,1.538
results/batch.log,77,ITensorMPS DMRG,5,-27.918614903176113,32,0.0195,,1.488
results/batch.log,78,ITensorMPS DMRG,6,-27.926740695037143,32,0.0187,,1.486
results/batch.log,79,ITensorMPS DMRG,7,-27.934258277120435,32,0.0181,,1.807
results/batch.log,80,ITensorMPS DMRG,8,-27.94013831425871,32,0.0177,,2.081
results/batch.log,81,ITensorMPS DMRG,1,-28.896350660417117,64,0.00074,,3.529
results/batch.log,82,ITensorMPS DMRG,2,-29.019532877667995,64,0.00159,,4.321
results/batch.log,83,ITensorMPS DMRG,3,-29.056963504281597,64,0.00194,,3.962
results/batch.log,84,ITensorMPS DMRG,4,-29.067295475108693,64,0.00202,,3.789
results/batch.log,85,ITensorMPS DMRG,5,-29.07095553662504,64,0.00205,,3.566
results/batch.log,86,ITensorMPS DMRG,6,-29.072415428247663,64,0.00205,,3.579
results/batch.log,87,ITensorMPS DMRG,7,-29.0746332188406,64,0.00206,,3.548
results/batch.log,88,ITensorMPS DMRG,8,-29.075739774300583,64,0.00206,,3.82
results/batch.log,89,ITensorMPS DMRG,1,-29.631189269489326,128,0.000919,,15.385
results/batch.log,90,ITensorMPS DMRG,2,-29.698820846214943,128,0.00172,,15.023
results/batch.log,91,ITensorMPS DMRG,3,-29.709685540610906,128,0.0019,,13.785
results/batch.log,92,ITensorMPS DMRG,4,-29.713809775819424,128,0.00195,,11.055
results/batch.log,93,ITensorMPS DMRG,5,-29.71646201410301,128,0.00195,,11.185
results/batch.log,94,ITensorMPS DMRG,6,-29.718205845700698,128,0.00192,,14.332
results/batch.log,95,ITensorMPS DMRG,7,-29.71941193820779,128,0.0019,,13.543
results/batch.log,96,ITensorMPS DMRG,8,-29.720365044892823,128,0.00188,,8.56
results/batch.log,97,ITensorMPS DMRG,1,-33.79530108759026,32,0.00918,,2.343
results/batch.log,98,ITensorMPS DMRG,2,-38.30116057662598,32,0.00548,,2.423
results/batch.log,99,ITensorMPS DMRG,3,-39.173649728168435,32,0.0063,,2.46
results/batch.log,100,ITensorMPS DMRG,4,-39.425304041120015,32,0.00708,,2.362
results/batch.log,101,ITensorMPS DMRG,5,-39.50098983626621,32,0.00729,,2.335
results/batch.log,102,ITensorMPS DMRG,6,-39.54080854718495,32,0.00756,,2.321
results/batch.log,103,ITensorMPS DMRG,7,-39.56840186496342,32,0.00763,,2.414
results/batch.log,104,ITensorMPS DMRG,8,-39.58788443642939,32,0.00766,,2.41
results/batch.log,105,ITensorMPS DMRG,1,-40.58689533971962,64,0.00166,,4.527
results/batch.log,106,ITensorMPS DMRG,2,-40.78086368231412,64,0.00312,,5.687
results/batch.log,107,ITensorMPS DMRG,3,-40.848387225101796,64,0.00355,,5.114
results/batch.log,108,ITensorMPS DMRG,4,-40.894512691607794,64,0.004,,5.147
results/batch.log,109,ITensorMPS DMRG,5,-40.91663593296097,64,0.00403,,5.327
results/batch.log,110,ITensorMPS DMRG,6,-40.93024175929812,64,0.00404,,5.375
results/batch.log,111,ITensorMPS DMRG,7,-40.93973381741648,64,0.00413,,4.612
results/batch.log,112,ITensorMPS DMRG,8,-40.94651948934326,64,0.00421,,5.096
results/batch.log,113,ITensorMPS DMRG,1,-41.811108660121796,128,0.00141,,12.073
results/batch.log,114,ITensorMPS DMRG,2,-41.98023803304194,128,0.00441,,15.192
results/batch.log,115,ITensorMPS DMRG,3,-42.02139452512017,128,0.00505,,14.465
results/batch.log,116,ITensorMPS DMRG,4,-42.03923064479688,128,0.00531,,13.274
results/batch.log,117,ITensorMPS DMRG,5,-42.05017436483058,128,0.00526,,14.121
results/batch.log,118,ITensorMPS DMRG,6,-42.0567966564727,128,0.00508,,13.933
results/batch.log,119,ITensorMPS DMRG,7,-42.06243907415409,128,0.00506,,14.946
results/batch.log,120,ITensorMPS DMRG,8,-42.06902051588944,128,0.00502,,16.808
results/batch.log,121,ITensorMPS DMRG,1,-36.14456284086604,32,0.0147,,2.898
results/batch.log,122,ITensorMPS DMRG,2,-38.95998893967986,32,0.0167,,3.373
results/batch.log,123,ITensorMPS DMRG,3,-39.22748149730374,32,0.0174,,3.715
results/batch.log,124,ITensorMPS DMRG,4,-39.31262285736417,32,0.0174,,3.363
results/batch.log,125,ITensorMPS DMRG,5,-39.34084906973599,32,0.0122,,3.919
results/batch.log,126,ITensorMPS DMRG,6,-39.36058464600802,32,0.0103,,3.171
results/batch.log,127,ITensorMPS DMRG,7,-39.36885040771815,32,0.0104,,3.763
results/batch.log,128,ITensorMPS DMRG,8,-39.37660640049905,32,0.0104,,3.261
results/batch.log,129,ITensorMPS DMRG,1,-40.61792784745938,64,0.00202,,6.367
results/batch.log,130,ITensorMPS DMRG,2,-40.82802546888909,64,0.00389,,6.164
results/batch.log,131,ITensorMPS DMRG,3,-40.922552705848624,64,0.00391,,5.949
results/batch.log,132,ITensorMPS DMRG,4,-40.97037321478772,64,0.00391,,5.999
results/batch.log,133,ITensorMPS DMRG,5,-41.0055595343667,64,0.00406,,6.591
results/batch.log,134,ITensorMPS DMRG,6,-41.03501010491313,64,0.0042,,6.925
results/batch.log,135,ITensorMPS DMRG,7,-41.053711988294246,64,0.00422,,10.266
results/batch.log,136,ITensorMPS DMRG,8,-41.06544298813866,64,0.0042,,5.914
results/batch.log,137,ITensorMPS DMRG,1,-42.04254297723395,128,0.000567,,23.381
results/batch.log,138,ITensorMPS DMRG,2,-42.273594783749225,128,0.00218,,26.189
results/batch.log,139,ITensorMPS DMRG,3,-42.32253192668769,128,0.00198,,26.379
results/batch.log,140,ITensorMPS DMRG,4,-42.34855666585602,128,0.00188,,22.958
results/batch.log,141,ITensorMPS DMRG,5,-42.35987178801293,128,0.00189,,31.07
results/batch.log,142,ITensorMPS DMRG,6,-42.36700934069627,128,0.00195,,47.983
results/batch.log,143,ITensorMPS DMRG,7,-42.37188440644685,128,0.00202,,31.971
results/batch.log,144,ITensorMPS DMRG,8,-42.376191001134906,128,0.00206,,28.213
results/cylinder_number_search.log,1,ITensorMPS DMRG,1,-8.037741644616364,249,9.95e-12,,46.026
results/cylinder_number_search.log,2,ITensorMPS DMRG,2,-8.03774164457447,221,9.89e-12,,8.475
results/cylinder_number_search.log,3,ITensorMPS DMRG,3,-8.03774164427098,197,9.9e-12,,2.491
results/cylinder_number_search.log,4,ITensorMPS DMRG,4,-8.037741644227808,196,9.89e-12,,2.102
results/cylinder_number_search.log,5,ITensorMPS DMRG,5,-8.037741644216371,196,9.88e-12,,2.191
results/cylinder_number_search.log,6,ITensorMPS DMRG,6,-8.037741644216345,196,9.82e-12,,2.161
results/cylinder_number_search.log,7,ITensorMPS DMRG,7,-8.037741644216336,196,9.82e-12,,2.346
results/cylinder_number_search.log,8,ITensorMPS DMRG,8,-8.037741644216332,196,9.82e-12,,2.0
results/cylinder_number_search.log,9,ITensorMPS DMRG,9,-8.03774164421633,196,9.82e-12,,2.885
results/cylinder_number_search.log,10,ITensorMPS DMRG,10,-8.037741644216334,196,9.82e-12,,2.25
results/cylinder_number_search.log,11,ITensorMPS DMRG,11,-8.037741644216332,196,9.82e-12,,2.613
results/cylinder_number_search.log,12,ITensorMPS DMRG,12,-8.037741644216347,196,9.82e-12,,2.029
results/cylinder_number_search.log,13,ITensorMPS DMRG,1,-15.338108262309024,256,2.55e-06,,22.606
results/cylinder_number_search.log,14,ITensorMPS DMRG,2,-15.34343627952331,256,1.49e-06,,20.737
results/cylinder_number_search.log,15,ITensorMPS DMRG,3,-15.345261530106947,256,8.99e-07,,20.861
results/cylinder_number_search.log,16,ITensorMPS DMRG,4,-15.345390342199183,256,5.52e-07,,19.236
results/cylinder_number_search.log,17,ITensorMPS DMRG,5,-15.345403071885391,256,4.85e-07,,18.282
results/cylinder_number_search.log,18,ITensorMPS DMRG,6,-15.345405415844752,256,4.72e-07,,18.773
results/cylinder_number_search.log,19,ITensorMPS DMRG,7,-15.345405996500327,256,4.67e-07,,18.396
results/cylinder_number_search.log,20,ITensorMPS DMRG,8,-15.345406155519827,256,4.64e-07,,17.833
results/cylinder_number_search.log,21,ITensorMPS DMRG,9,-15.345406201265448,256,4.63e-07,,19.133
results/cylinder_number_search.log,22,ITensorMPS DMRG,10,-15.345406216534082,256,4.62e-07,,19.402
results/cylinder_number_search.log,23,ITensorMPS DMRG,11,-15.345406225322483,256,4.62e-07,,19.068
results/cylinder_number_search.log,24,ITensorMPS DMRG,12,-15.345406227612273,256,4.62e-07,,18.289
results/cylinder_number_search.log,25,ITensorMPS DMRG,1,-15.33738803246028,256,2.1e-06,,22.132
results/cylinder_number_search.log,26,ITensorMPS DMRG,2,-15.33767903909779,256,5.25e-07,,21.75
results/cylinder_number_search.log,27,ITensorMPS DMRG,3,-15.337683034549249,256,5.01e-07,,20.273
results/cylinder_number_search.log,28,ITensorMPS DMRG,4,-15.337683198659038,256,5.03e-07,,20.501
results/cylinder_number_search.log,29,ITensorMPS DMRG,5,-15.337683205741838,256,5.03e-07,,19.173
results/cylinder_number_search.log,30,ITensorMPS DMRG,6,-15.337683206238296,256,5.03e-07,,19.24
results/cylinder_number_search.log,31,ITensorMPS DMRG,7,-15.337683206529547,256,5.03e-07,,19.127
results/cylinder_number_search.log,32,ITensorMPS DMRG,8,-15.337683207223655,256,5.03e-07,,18.72
results/cylinder_number_search.log,33,ITensorMPS DMRG,9,-15.337683209431962,256,5.03e-07,,20.221
results/cylinder_number_search.log,34,ITensorMPS DMRG,10,-15.33768322055173,256,5.03e-07,,19.596
results/cylinder_number_search.log,35,ITensorMPS DMRG,11,-15.337683309493604,256,5.04e-07,,19.133
results/cylinder_number_search.log,36,ITensorMPS DMRG,12,-15.337683765905277,256,5.03e-07,,18.068
results/cylinder_number_search.log,37,ITensorMPS DMRG,1,-15.322301040473075,256,9.28e-07,,21.538
results/cylinder_number_search.log,38,ITensorMPS DMRG,2,-15.326440801019409,256,3.55e-07,,21.424
results/cylinder_number_search.log,39,ITensorMPS DMRG,3,-15.326714621163287,256,1.38e-07,,18.93
results/cylinder_number_search.log,40,ITensorMPS DMRG,4,-15.326730890754336,256,1.24e-07,,18.227
results/cylinder_number_search.log,41,ITensorMPS DMRG,5,-15.326731978000547,256,1.21e-07,,20.193
results/cylinder_number_search.log,42,ITensorMPS DMRG,6,-15.326732074439125,256,1.2e-07,,18.45
results/cylinder_number_search.log,43,ITensorMPS DMRG,7,-15.326732083275344,256,1.19e-07,,18.568
results/cylinder_number_search.log,44,ITensorMPS DMRG,8,-15.326732084667709,256,1.19e-07,,19.283
results/cylinder_number_search.log,45,ITensorMPS DMRG,9,-15.326732085195317,256,1.18e-07,,19.525
results/cylinder_number_search.log,46,ITensorMPS DMRG,10,-15.326732085537007,256,1.18e-07,,22.181
results/cylinder_number_search.log,47,ITensorMPS DMRG,11,-15.326732085794553,256,1.18e-07,,22.782
results/cylinder_number_search.log,48,ITensorMPS DMRG,12,-15.326732085996685,256,1.18e-07,,20.485
results/cylinder_number_search.log,49,ITensorMPS DMRG,1,-15.32639215289798,256,1.38e-06,,26.374
results/cylinder_number_search.log,50,ITensorMPS DMRG,2,-15.326731653501536,256,1.11e-07,,24.038
results/cylinder_number_search.log,51,ITensorMPS DMRG,3,-15.32673177728506,256,1.13e-07,,23.939
results/cylinder_number_search.log,52,ITensorMPS DMRG,4,-15.326731774105939,256,1.13e-07,,24.047
results/cylinder_number_search.log,53,ITensorMPS DMRG,5,-15.326731774309506,256,1.13e-07,,21.477
results/cylinder_number_search.log,54,ITensorMPS DMRG,6,-15.32673177436448,256,1.13e-07,,20.204
results/cylinder_number_search.log,55,ITensorMPS DMRG,7,-15.326731774393652,256,1.13e-07,,17.051
results/cylinder_number_search.log,56,ITensorMPS DMRG,8,-15.326731774413766,256,1.13e-07,,18.783
results/cylinder_number_search.log,57,ITensorMPS DMRG,9,-15.326731774428618,256,1.13e-07,,18.187
results/cylinder_number_search.log,58,ITensorMPS DMRG,10,-15.326731774439617,256,1.13e-07,,17.785
results/cylinder_number_search.log,59,ITensorMPS DMRG,11,-15.326731774447344,256,1.13e-07,,17.779
results/cylinder_number_search.log,60,ITensorMPS DMRG,12,-15.326731774452329,256,1.13e-07,,19.114
results/cylinder_number_search.log,61,ITensorMPS DMRG,1,-15.289991447009573,256,2.67e-09,,17.304
results/cylinder_number_search.log,62,ITensorMPS DMRG,2,-15.29056609614114,256,1.54e-08,,17.095
results/cylinder_number_search.log,63,ITensorMPS DMRG,3,-15.314444782846094,256,5.05e-06,,19.321
results/cylinder_number_search.log,64,ITensorMPS DMRG,4,-15.335050354784073,256,8.88e-07,,21.926
results/cylinder_number_search.log,65,ITensorMPS DMRG,5,-15.33604932550403,256,1.48e-07,,22.545
results/cylinder_number_search.log,66,ITensorMPS DMRG,6,-15.336083492579519,256,1.46e-07,,22.425
results/cylinder_number_search.log,67,ITensorMPS DMRG,7,-15.336108979221803,256,1.39e-07,,20.921
results/cylinder_number_search.log,68,ITensorMPS DMRG,8,-15.336129347130152,256,1.32e-07,,21.047
results/cylinder_number_search.log,69,ITensorMPS DMRG,9,-15.336145626649468,256,1.25e-07,,23.219
results/cylinder_number_search.log,70,ITensorMPS DMRG,10,-15.336158543366778,256,1.16e-07,,18.241
results/cylinder_number_search.log,71,ITensorMPS DMRG,11,-15.336168546241963,256,1.07e-07,,19.36
results/cylinder_number_search.log,72,ITensorMPS DMRG,12,-15.336176236016763,256,9.94e-08,,19.34
results/cylinder_number_search.log,73,ITensorMPS DMRG,1,-15.289768822763225,256,2.12e-08,,19.271
results/cylinder_number_search.log,74,ITensorMPS DMRG,2,-15.313908808779232,256,2.15e-08,,17.519
results/cylinder_number_search.log,75,ITensorMPS DMRG,3,-15.329421133823505,256,1.13e-06,,18.913
results/cylinder_number_search.log,76,ITensorMPS DMRG,4,-15.335968650181588,256,2.73e-07,,18.25
results/cylinder_number_search.log,77,ITensorMPS DMRG,5,-15.33603350616182,256,2.79e-07,,18.657
results/cylinder_number_search.log,78,ITensorMPS DMRG,6,-15.336070341764618,256,2.69e-07,,18.474
results/cylinder_number_search.log,79,ITensorMPS DMRG,7,-15.336099520344538,256,2.52e-07,,20.196
results/cylinder_number_search.log,80,ITensorMPS DMRG,8,-15.336123226021972,256,2.42e-07,,19.266
results/cylinder_number_search.log,81,ITensorMPS DMRG,9,-15.33614204878527,256,2.24e-07,,19.867
results/cylinder_number_search.log,82,ITensorMPS DMRG,10,-15.33615667224622,256,2.07e-07,,19.424
results/cylinder_number_search.log,83,ITensorMPS DMRG,11,-15.33616786976209,256,1.93e-07,,26.753
results/cylinder_number_search.log,84,ITensorMPS DMRG,12,-15.336176293948778,256,1.77e-07,,18.454
results/cylinder_number_search.log,85,ITensorMPS DMRG,1,-15.28602266890249,256,2.84e-10,,21.778
results/cylinder_number_search.log,86,ITensorMPS DMRG,2,-15.32043309004932,256,3.78e-06,,20.87
results/cylinder_number_search.log,87,ITensorMPS DMRG,3,-15.320647540687617,256,5.78e-09,,16.296
results/cylinder_number_search.log,88,ITensorMPS DMRG,4,-15.320647615329166,256,5.96e-09,,18.984
results/cylinder_number_search.log,89,ITensorMPS DMRG,5,-15.320647622095176,256,5.96e-09,,22.191
results/cylinder_number_search.log,90,ITensorMPS DMRG,6,-15.3206476287943,256,5.96e-09,,25.091
results/cylinder_number_search.log,91,ITensorMPS DMRG,7,-15.320647635485328,256,5.96e-09,,33.225
results/cylinder_number_search.log,92,ITensorMPS DMRG,8,-15.320647642171581,256,5.95e-09,,25.82
results/cylinder_number_search.log,93,ITensorMPS DMRG,9,-15.320647648853782,256,5.95e-09,,19.84
results/cylinder_number_search.log,94,ITensorMPS DMRG,10,-15.32064765553248,256,5.95e-09,,19.093
results/cylinder_number_search.log,95,ITensorMPS DMRG,11,-15.320647662207932,256,5.95e-09,,21.923
results/cylinder_number_search.log,96,ITensorMPS DMRG,12,-15.320647668880145,256,5.95e-09,,19.004
results/cylinder_number_search.log,97,ITensorMPS DMRG,1,-15.326307716514808,256,1.03e-07,,19.803
results/cylinder_number_search.log,98,ITensorMPS DMRG,2,-15.326371002580668,256,1.71e-10,,22.17
results/cylinder_number_search.log,99,ITensorMPS DMRG,3,-15.32637101044334,256,1.35e-10,,17.862
results/cylinder_number_search.log,100,ITensorMPS DMRG,4,-15.326371011378884,256,1.39e-10,,14.697
results/cylinder_number_search.log,101,ITensorMPS DMRG,5,-15.326371011400113,256,1.39e-10,,17.589
results/cylinder_number_search.log,102,ITensorMPS DMRG,6,-15.326371011397166,256,1.39e-10,,13.022
results/cylinder_number_search.log,103,ITensorMPS DMRG,7,-15.326371011397894,256,1.39e-10,,15.782
results/cylinder_number_search.log,104,ITensorMPS DMRG,8,-15.32637101140655,256,1.39e-10,,15.58
results/cylinder_number_search.log,105,ITensorMPS DMRG,9,-15.3263710114129,256,1.39e-10,,13.23
results/cylinder_number_search.log,106,ITensorMPS DMRG,10,-15.326371011413043,256,1.39e-10,,13.904
results/cylinder_number_search.log,107,ITensorMPS DMRG,11,-15.32637101141409,256,1.39e-10,,23.881
results/cylinder_number_search.log,108,ITensorMPS DMRG,12,-15.326371011416628,256,1.39e-10,,29.664
results/cylinder_number_search.log,109,ITensorMPS DMRG,1,-14.629887169239716,256,1.71e-06,,29.918
results/cylinder_number_search.log,110,ITensorMPS DMRG,2,-14.629919136031038,256,1.01e-10,,16.464
results/cylinder_number_search.log,111,ITensorMPS DMRG,3,-14.629919349887729,256,1.13e-10,,21.885
results/cylinder_number_search.log,112,ITensorMPS DMRG,4,-14.62991935016781,256,1.19e-10,,29.91
results/cylinder_number_search.log,113,ITensorMPS DMRG,5,-14.629919350178888,256,1.19e-10,,42.188
results/cylinder_number_search.log,114,ITensorMPS DMRG,6,-14.629919350187162,256,1.19e-10,,37.309
results/cylinder_number_search.log,115,ITensorMPS DMRG,7,-14.629919350199293,256,1.19e-10,,30.342
results/cylinder_number_search.log,116,ITensorMPS DMRG,8,-14.629919350209754,256,1.19e-10,,18.303
results/cylinder_number_search.log,117,ITensorMPS DMRG,9,-14.629919350211207,256,1.19e-10,,13.832
results/cylinder_number_search.log,118,ITensorMPS DMRG,10,-14.629919350211644,256,1.19e-10,,14.875
results/cylinder_number_search.log,119,ITensorMPS DMRG,11,-14.62991935021174,256,1.19e-10,,17.156
results/cylinder_number_search.log,120,ITensorMPS DMRG,12,-14.629919350211814,256,1.19e-10,,18.813
results/cylinder_number_search.log,121,ITensorMPS DMRG,1,-15.031109659286273,256,1.81e-06,,20.604
results/cylinder_number_search.log,122,ITensorMPS DMRG,2,-15.032850768710992,256,2.44e-08,,21.27
results/cylinder_number_search.log,123,ITensorMPS DMRG,3,-15.032856940822096,256,8.93e-10,,15.7
results/cylinder_number_search.log,124,ITensorMPS DMRG,4,-15.032857294072732,256,4.33e-10,,8.446
results/cylinder_number_search.log,125,ITensorMPS DMRG,5,-15.03285730979899,256,4.12e-10,,8.547
results/cylinder_number_search.log,126,ITensorMPS DMRG,6,-15.032857310716985,256,4.03e-10,,8.728
results/cylinder_number_search.log,127,ITensorMPS DMRG,7,-15.032857310797562,256,4.02e-10,,8.382
results/cylinder_number_search.log,128,ITensorMPS DMRG,8,-15.032857310806277,256,4.02e-10,,8.094
results/cylinder_number_search.log,129,ITensorMPS DMRG,9,-15.032857310807525,256,4.02e-10,,8.696
results/cylinder_number_search.log,130,ITensorMPS DMRG,10,-15.03285731080786,256,4.02e-10,,9.753
results/cylinder_number_search.log,131,ITensorMPS DMRG,11,-15.032857310807913,256,4.02e-10,,9.863
results/cylinder_number_search.log,132,ITensorMPS DMRG,12,-15.032857310807989,256,4.02e-10,,9.946
results/cylinder_number_search.log,133,ITensorMPS DMRG,1,-15.032790432526719,256,1.77e-06,,17.097
results/cylinder_number_search.log,134,ITensorMPS DMRG,2,-15.033707905688626,256,8.22e-09,,14.482
results/cylinder_number_search.log,135,ITensorMPS DMRG,3,-15.033745606168287,256,1.07e-09,,16.954
results/cylinder_number_search.log,136,ITensorMPS DMRG,4,-15.033747521110753,256,1.51e-10,,14.663
results/cylinder_number_search.log,137,ITensorMPS DMRG,5,-15.033747606211847,256,5.93e-11,,12.656
results/cylinder_number_search.log,138,ITensorMPS DMRG,6,-15.03374761006008,256,5.56e-11,,12.473
results/cylinder_number_search.log,139,ITensorMPS DMRG,7,-15.033747610257372,256,5.46e-11,,9.32
results/cylinder_number_search.log,140,ITensorMPS DMRG,8,-15.033747610271961,256,5.45e-11,,7.845
results/cylinder_number_search.log,141,ITensorMPS DMRG,9,-15.033747610276588,256,5.45e-11,,7.795
results/cylinder_number_search.log,142,ITensorMPS DMRG,10,-15.03374761027688,256,5.45e-11,,8.11
results/cylinder_number_search.log,143,ITensorMPS DMRG,11,-15.03374761027695,256,5.45e-11,,8.222
results/cylinder_number_search.log,144,ITensorMPS DMRG,12,-15.03374761027698,256,5.45e-11,,7.846
results/cylinder_number_search.log,145,ITensorMPS DMRG,1,-15.009563162651446,256,1.88e-06,,13.988
results/cylinder_number_search.log,146,ITensorMPS DMRG,2,-15.012801974054929,256,2.98e-09,,20.04
results/cylinder_number_search.log,147,ITensorMPS DMRG,3,-15.012810698305815,256,8.71e-11,,17.524
results/cylinder_number_search.log,148,ITensorMPS DMRG,4,-15.012811132479335,256,2.85e-11,,10.217
results/cylinder_number_search.log,149,ITensorMPS DMRG,5,-15.01281114953533,256,1.25e-11,,10.205
results/cylinder_number_search.log,150,ITensorMPS DMRG,6,-15.012811150242177,256,1.1e-11,,12.367
results/cylinder_number_search.log,151,ITensorMPS DMRG,7,-15.012811150287094,256,1.1e-11,,12.772
results/cylinder_number_search.log,152,ITensorMPS DMRG,8,-15.012811150291268,256,1.09e-11,,13.394
results/cylinder_number_search.log,153,ITensorMPS DMRG,9,-15.012811150291789,256,1.09e-11,,13.019
results/cylinder_number_search.log,154,ITensorMPS DMRG,10,-15.012811150291963,256,1.09e-11,,13.441
results/cylinder_number_search.log,155,ITensorMPS DMRG,11,-15.012811150291999,256,1.09e-11,,13.727
results/cylinder_number_search.log,156,ITensorMPS DMRG,12,-15.012811150291977,256,1.09e-11,,16.78
results/cylinder_number_search.log,157,ITensorMPS DMRG,1,-15.006653719672654,256,2.85e-06,,21.608
results/cylinder_number_search.log,158,ITensorMPS DMRG,2,-15.006839095618377,255,8.56e-11,,10.433
results/cylinder_number_search.log,159,ITensorMPS DMRG,3,-15.00683944725901,195,1e-11,,5.309
results/cylinder_number_search.log,160,ITensorMPS DMRG,4,-15.006839449311618,182,9.99e-12,,4.528
results/cylinder_number_search.log,161,ITensorMPS DMRG,5,-15.006839449310725,182,9.99e-12,,4.582
results/cylinder_number_search.log,162,ITensorMPS DMRG,6,-15.006839449311032,182,9.96e-12,,4.425
results/cylinder_number_search.log,163,ITensorMPS DMRG,7,-15.006839449311075,182,9.96e-12,,4.739
results/cylinder_number_search.log,164,ITensorMPS DMRG,8,-15.006839449311089,182,9.96e-12,,4.673
results/cylinder_number_search.log,165,ITensorMPS DMRG,9,-15.00683944931106,182,9.96e-12,,4.388
results/cylinder_number_search.log,166,ITensorMPS DMRG,10,-15.006839449311089,182,9.96e-12,,4.982
results/cylinder_number_search.log,167,ITensorMPS DMRG,11,-15.006839449311064,182,9.96e-12,,4.812
results/cylinder_number_search.log,168,ITensorMPS DMRG,12,-15.006839449311085,182,9.96e-12,,4.827
results/cylinder_number_search.log,169,ITensorMPS DMRG,1,-14.971804614138804,256,7.07e-07,,12.794
results/cylinder_number_search.log,170,ITensorMPS DMRG,2,-14.971813061785916,138,9.97e-12,,5.464
results/cylinder_number_search.log,171,ITensorMPS DMRG,3,-14.97181306141764,119,9.9e-12,,4.35
results/cylinder_number_search.log,172,ITensorMPS DMRG,4,-14.971813061344964,118,9.87e-12,,3.506
results/cylinder_number_search.log,173,ITensorMPS DMRG,5,-14.971813061301704,118,1e-11,,3.954
results/cylinder_number_search.log,174,ITensorMPS DMRG,6,-14.971813061302255,118,9.99e-12,,4.291
results/cylinder_number_search.log,175,ITensorMPS DMRG,7,-14.97181306130242,118,9.94e-12,,4.381
results/cylinder_number_search.log,176,ITensorMPS DMRG,8,-14.971813061302383,118,9.93e-12,,4.733
results/cylinder_number_search.log,177,ITensorMPS DMRG,9,-14.971813061302418,118,9.93e-12,,4.657
results/cylinder_number_search.log,178,ITensorMPS DMRG,10,-14.971813061302402,118,9.93e-12,,4.531
results/cylinder_number_search.log,179,ITensorMPS DMRG,11,-14.971813061302402,118,9.93e-12,,3.907
results/cylinder_number_search.log,180,ITensorMPS DMRG,12,-14.971813061302441,118,9.93e-12,,3.85
results/cylinder_number_search.log,181,ITensorMPS DMRG,1,-14.95572166339895,83,1.35e-08,,8.161
results/cylinder_number_search.log,182,ITensorMPS DMRG,2,-14.95572166482033,74,9.97e-12,,3.13
results/cylinder_number_search.log,183,ITensorMPS DMRG,3,-14.955721664502347,65,9.97e-12,,2.921
results/cylinder_number_search.log,184,ITensorMPS DMRG,4,-14.955721664469486,64,9.97e-12,,2.842
results/cylinder_number_search.log,185,ITensorMPS DMRG,5,-14.955721664469621,64,9.93e-12,,3.045
results/cylinder_number_search.log,186,ITensorMPS DMRG,6,-14.955721664469634,64,9.93e-12,,3.12
results/cylinder_number_search.log,187,ITensorMPS DMRG,7,-14.955721664469621,64,9.93e-12,,2.846
results/cylinder_number_search.log,188,ITensorMPS DMRG,8,-14.955721664469642,64,9.93e-12,,3.35
results/cylinder_number_search.log,189,ITensorMPS DMRG,9,-14.955721664469609,64,9.93e-12,,2.536
results/cylinder_number_search.log,190,ITensorMPS DMRG,10,-14.955721664469639,64,9.93e-12,,2.498
results/cylinder_number_search.log,191,ITensorMPS DMRG,11,-14.955721664469662,64,9.93e-12,,2.591
results/cylinder_number_search.log,192,ITensorMPS DMRG,12,-14.955721664469614,64,9.93e-12,,2.743
results/extend_study.log,1,ITensorMPS DMRG,1,-54.07685285125264,32,0.00192,,23.72
results/extend_study.log,2,ITensorMPS DMRG,2,-55.654896429701246,32,0.00229,,5.48
results/extend_study.log,3,ITensorMPS DMRG,3,-55.74027965276441,32,0.00331,,3.467
results/extend_study.log,4,ITensorMPS DMRG,4,-55.78706306240618,32,0.0085,,2.689
results/extend_study.log,5,ITensorMPS DMRG,5,-55.945792672435715,32,0.00942,,2.639
results/extend_study.log,6,ITensorMPS DMRG,6,-55.96278979396119,32,0.00803,,2.54
results/extend_study.log,7,ITensorMPS DMRG,7,-55.966258861727084,32,0.00728,,3.075
results/extend_study.log,8,ITensorMPS DMRG,8,-55.97234511760284,32,0.00726,,3.261
results/extend_study.log,9,ITensorMPS DMRG,1,-56.49116028405011,64,5.89e-05,,6.693
results/extend_study.log,10,ITensorMPS DMRG,2,-56.95497588184064,64,0.000315,,7.538
results/extend_study.log,11,ITensorMPS DMRG,3,-57.06029886974176,64,0.000439,,8.678
results/extend_study.log,12,ITensorMPS DMRG,4,-57.112076840798075,64,0.000431,,7.225
results/extend_study.log,13,ITensorMPS DMRG,5,-57.18898530561313,64,0.000439,,7.391
results/extend_study.log,14,ITensorMPS DMRG,6,-57.204521575479674,64,0.000787,,8.41
results/extend_study.log,15,ITensorMPS DMRG,7,-57.207329937420496,64,0.000877,,6.892
results/extend_study.log,16,ITensorMPS DMRG,8,-57.20942987481647,64,0.000949,,6.181
results/extend_study.log,17,ITensorMPS DMRG,1,-57.845216207544624,128,4.94e-05,,15.799
results/extend_study.log,18,ITensorMPS DMRG,2,-58.1041083146382,128,0.000216,,19.405
results/extend_study.log,19,ITensorMPS DMRG,3,-58.158258491326585,128,0.000258,,19.545
results/extend_study.log,20,ITensorMPS DMRG,4,-58.20229202037562,128,0.00027,,16.313
results/extend_study.log,21,ITensorMPS DMRG,5,-58.221212525895915,128,0.000269,,17.242
results/extend_study.log,22,ITensorMPS DMRG,6,-58.22975313177465,128,0.000232,,18.172
results/extend_study.log,23,ITensorMPS DMRG,7,-58.230234225756824,128,0.000232,,16.997
results/extend_study.log,24,ITensorMPS DMRG,8,-58.23173837374561,128,0.000232,,17.303
results/extend_study.log,25,ITensorMPS DMRG,1,-58.78555281891885,256,5.02e-05,,74.194
results/extend_study.log,26,ITensorMPS DMRG,2,-58.96862435816613,256,0.000173,,129.882
results/extend_study.log,27,ITensorMPS DMRG,3,-58.99760904120577,256,0.000179,,118.272
results/extend_study.log,28,ITensorMPS DMRG,4,-59.02867469112454,256,0.000177,,113.903
results/extend_study.log,29,ITensorMPS DMRG,5,-59.04072638543857,256,0.000204,,111.983
results/extend_study.log,30,ITensorMPS DMRG,6,-59.043181525952605,256,0.000225,,131.198
results/extend_study.log,31,ITensorMPS DMRG,7,-59.04535131554687,256,0.000217,,149.73
results/extend_study.log,32,ITensorMPS DMRG,8,-59.04812733631045,256,0.000213,,87.02
results/extend_study.log,33,ITensorMPS DMRG,1,-59.05275987423073,256,0.000221,,127.579
results/extend_study.log,34,ITensorMPS DMRG,2,-59.05659647484205,256,0.000246,,114.967
results/extend_study.log,35,ITensorMPS DMRG,3,-59.06140101077196,256,0.000249,,140.332
results/extend_study.log,36,ITensorMPS DMRG,4,-59.06575437147303,256,0.000265,,119.437
results/extend_study.log,37,ITensorMPS DMRG,5,-59.06716600972727,256,0.000273,,128.387
results/extend_study.log,38,ITensorMPS DMRG,6,-59.067729040349704,256,0.000273,,157.359
results/extend_study.log,39,ITensorMPS DMRG,1,-50.52857716617951,32,0.00119,,4.215
results/extend_study.log,40,ITensorMPS DMRG,2,-51.82034625313236,32,0.00772,,5.362
results/extend_study.log,41,ITensorMPS DMRG,3,-52.01373847072701,32,0.0081,,5.027
results/extend_study.log,42,ITensorMPS DMRG,4,-52.03825702762637,32,0.00839,,4.756
results/extend_study.log,43,ITensorMPS DMRG,5,-52.04239804987657,32,0.00791,,4.858
results/extend_study.log,44,ITensorMPS DMRG,6,-52.05011784206616,32,0.00785,,5.917
results/extend_study.log,45,ITensorMPS DMRG,7,-52.07472644204414,32,0.0078,,5.056
results/extend_study.log,46,ITensorMPS DMRG,8,-52.092354707543166,32,0.00776,,5.558
results/extend_study.log,47,ITensorMPS DMRG,1,-53.026969987235944,64,0.000684,,12.235
results/extend_study.log,48,ITensorMPS DMRG,2,-53.478237653607295,64,0.00191,,15.46
results/extend_study.log,49,ITensorMPS DMRG,3,-53.508166420917725,64,0.00189,,14.142
results/extend_study.log,50,ITensorMPS DMRG,4,-53.54808978434732,64,0.00193,,14.221
results/extend_study.log,51,ITensorMPS DMRG,5,-53.576007301614645,64,0.00196,,11.431
results/extend_study.log,52,ITensorMPS DMRG,6,-53.59717595360425,64,0.00201,,11.016
results/extend_study.log,53,ITensorMPS DMRG,7,-53.62210650234999,64,0.00204,,8.573
results/extend_study.log,54,ITensorMPS DMRG,8,-53.639273208380565,64,0.00207,,8.293
results/extend_study.log,55,ITensorMPS DMRG,1,-54.68310454905229,128,0.00237,,25.213
results/extend_study.log,56,ITensorMPS DMRG,2,-55.2439010615196,128,0.00789,,33.36
results/extend_study.log,57,ITensorMPS DMRG,3,-55.524180609108676,128,0.00979,,32.686
results/extend_study.log,58,ITensorMPS DMRG,4,-55.634164176610824,128,0.0103,,28.81
results/extend_study.log,59,ITensorMPS DMRG,5,-55.69436842732224,128,0.0095,,28.084
results/extend_study.log,60,ITensorMPS DMRG,6,-55.74147824564657,128,0.00961,,31.326
results/extend_study.log,61,ITensorMPS DMRG,7,-55.79037674781617,128,0.00965,,29.429
results/extend_study.log,62,ITensorMPS DMRG,8,-55.825770706799965,128,0.00966,,30.725
results/extend_study.log,63,ITensorMPS DMRG,1,-56.62881155463901,256,0.00066,,131.546
results/extend_study.log,64,ITensorMPS DMRG,2,-57.05510050441075,256,0.000905,,196.008
results/extend_study.log,65,ITensorMPS DMRG,3,-57.15007467943512,256,0.000899,,234.536
results/extend_study.log,66,ITensorMPS DMRG,4,-57.22182905666276,256,0.000669,,197.829
results/extend_study.log,67,ITensorMPS DMRG,5,-57.2599018225586,256,0.000671,,195.122
results/extend_study.log,68,ITensorMPS DMRG,6,-57.28317252668071,256,0.000671,,193.311
results/extend_study.log,69,ITensorMPS DMRG,7,-57.29447260372733,256,0.000672,,192.544
results/extend_study.log,70,ITensorMPS DMRG,8,-57.309042124386494,256,0.000672,,174.917
results/extend_study.log,71,ITensorMPS DMRG,1,-57.34554340819001,256,0.000674,,272.616
results/extend_study.log,72,ITensorMPS DMRG,2,-57.37124702411145,256,0.000674,,281.444
results/extend_study.log,73,ITensorMPS DMRG,3,-57.39143667843885,256,0.000675,,265.86
results/extend_study.log,74,ITensorMPS DMRG,4,-57.40057909300011,256,0.000675,,257.884
results/extend_study.log,75,ITensorMPS DMRG,5,-57.421130369956956,256,0.000677,,283.434
results/extend_study.log,76,ITensorMPS DMRG,6,-57.42849483718804,256,0.00068,,275.749
results/extend_study.log,77,ITensorMPS DMRG,1,-44.73590619957623,512,9.71e-06,,396.408
results/extend_study.log,78,ITensorMPS DMRG,2,-44.74459814441966,512,2.83e-05,,483.007
results/extend_study.log,79,ITensorMPS DMRG,3,-44.7493239048102,512,3.47e-05,,438.53
results/extend_study.log,80,ITensorMPS DMRG,4,-44.75332891851186,512,4.26e-05,,549.422
results/extend_study.log,81,ITensorMPS DMRG,5,-44.756270507684576,512,5.09e-05,,787.197
results/extend_study.log,82,ITensorMPS DMRG,6,-44.7621474629877,512,5.5e-05,,888.496
results/extend_study.log,83,ITensorMPS DMRG,7,-44.765304649806396,512,5.7e-05,,830.992
results/extend_study.log,84,ITensorMPS DMRG,8,-44.76583964664972,512,5.84e-05,,1030.157
results/extend_study.log,85,ITensorMPS DMRG,1,-44.76648345040502,512,5.94e-05,,1296.592
results/extended_batch.log,1,ITensorMPS DMRG,1,-36.811613439894664,32,0.000884,,71.252
results/extended_batch.log,2,ITensorMPS DMRG,2,-36.93684256409867,32,0.00148,,3.18
results/extended_batch.log,3,ITensorMPS DMRG,3,-36.96135482072938,32,0.00128,,2.495
results/extended_batch.log,4,ITensorMPS DMRG,4,-36.96739104180642,32,0.00114,,3.059
results/extended_batch.log,5,ITensorMPS DMRG,5,-36.97003557929015,32,0.00107,,2.466
results/extended_batch.log,6,ITensorMPS DMRG,6,-36.97177711865811,32,0.00101,,2.601
results/extended_batch.log,7,ITensorMPS DMRG,7,-36.97327748876323,32,0.000962,,2.707
results/extended_batch.log,8,ITensorMPS DMRG,8,-36.97426156484173,32,0.000917,,2.528
results/extended_batch.log,9,ITensorMPS DMRG,1,-37.01133677364081,64,9.44e-05,,6.066
results/extended_batch.log,10,ITensorMPS DMRG,2,-37.01197061217961,64,0.000178,,6.094
results/extended_batch.log,11,ITensorMPS DMRG,3,-37.012051263867065,64,0.000183,,5.249
results/extended_batch.log,12,ITensorMPS DMRG,4,-37.012086855133205,64,0.000182,,5.265
results/extended_batch.log,13,ITensorMPS DMRG,5,-37.01211585658262,64,0.000182,,6.542
results/extended_batch.log,14,ITensorMPS DMRG,6,-37.01213501392845,64,0.000181,,6.03
results/extended_batch.log,15,ITensorMPS DMRG,7,-37.01214884073267,64,0.000181,,4.475
results/extended_batch.log,16,ITensorMPS DMRG,8,-37.01216008685288,64,0.00018,,4.441
results/extended_batch.log,17,ITensorMPS DMRG,1,-37.01558851622441,128,4.03e-06,,11.776
results/extended_batch.log,18,ITensorMPS DMRG,2,-37.01660602534123,128,6.46e-06,,10.878
results/extended_batch.log,19,ITensorMPS DMRG,3,-37.01800505328276,128,6.52e-06,,12.292
results/extended_batch.log,20,ITensorMPS DMRG,4,-37.019068712207435,128,6.42e-06,,17.66
results/extended_batch.log,21,ITensorMPS DMRG,5,-37.01956763374177,128,6.02e-06,,10.62
results/extended_batch.log,22,ITensorMPS DMRG,6,-37.01974259438716,128,5.98e-06,,11.619
results/extended_batch.log,23,ITensorMPS DMRG,7,-37.01980506672385,128,5.97e-06,,12.908
results/extended_batch.log,24,ITensorMPS DMRG,8,-37.01982881497037,128,5.96e-06,,9.214
results/extended_batch.log,25,ITensorMPS DMRG,1,-37.01999032950194,256,1.71e-07,,39.167
results/extended_batch.log,26,ITensorMPS DMRG,2,-37.020039119426656,256,2.8e-07,,45.525
results/extended_batch.log,27,ITensorMPS DMRG,3,-37.02006238797532,256,4.81e-07,,40.04
results/extended_batch.log,28,ITensorMPS DMRG,4,-37.020235571905104,256,5.9e-07,,43.708
results/extended_batch.log,29,ITensorMPS DMRG,5,-37.036521288785394,256,9.47e-07,,52.079
results/extended_batch.log,30,ITensorMPS DMRG,6,-37.03766306336723,256,1.17e-06,,58.677
results/extended_batch.log,31,ITensorMPS DMRG,7,-37.037946966370214,256,9.42e-07,,37.728
results/extended_batch.log,32,ITensorMPS DMRG,8,-37.04000399931747,256,8.16e-07,,37.445
results/extended_batch.log,33,ITensorMPS DMRG,1,-37.0478773877281,512,2.07e-08,,143.687
results/extended_batch.log,34,ITensorMPS DMRG,2,-37.04892166713597,512,1.54e-08,,189.694
results/infinite_armchair_warm_start.log,28,ITensorInfiniteMPS VUMPS,1,,8,,0.8045430903939641,33.456169584
results/infinite_armchair_warm_start.log,29,ITensorInfiniteMPS VUMPS,2,,8,,0.37742450151621,22.199450167
results/infinite_armchair_warm_start.log,30,ITensorInfiniteMPS VUMPS,3,,8,,0.15209696800569325,22.407207125
results/infinite_armchair_warm_start.log,31,ITensorInfiniteMPS VUMPS,4,,8,,0.04921517325034579,22.406235292
results/infinite_armchair_warm_start.log,32,ITensorInfiniteMPS VUMPS,5,,8,,0.0224718523875976,21.265781458
results/infinite_armchair_warm_start.log,33,ITensorInfiniteMPS VUMPS,6,,8,,0.02191901511138086,20.622761417
results/infinite_armchair_warm_start.log,34,ITensorInfiniteMPS VUMPS,7,,8,,0.01733380120236355,19.590508584
results/infinite_armchair_warm_start.log,35,ITensorInfiniteMPS VUMPS,8,,8,,0.012047326523608943,20.559813958
results/infinite_armchair_warm_start.log,36,ITensorInfiniteMPS VUMPS,9,,8,,0.01372363661872383,19.771936625
results/infinite_armchair_warm_start.log,37,ITensorInfiniteMPS VUMPS,10,,8,,0.007437413915626774,19.367916459
results/infinite_armchair_warm_start.log,38,ITensorInfiniteMPS VUMPS,11,,8,,0.007547429688440411,19.998505958
results/infinite_armchair_warm_start.log,39,ITensorInfiniteMPS VUMPS,12,,8,,0.005907643625653254,20.809440625
results/infinite_armchair_warm_start.log,40,ITensorInfiniteMPS VUMPS,13,,8,,0.004529264698316305,20.308107167
results/infinite_armchair_warm_start.log,41,ITensorInfiniteMPS VUMPS,14,,8,,0.003913137217008504,21.294319125
results/infinite_armchair_warm_start.log,42,ITensorInfiniteMPS VUMPS,15,,8,,0.003609970025881309,20.796080417
results/infinite_armchair_warm_start.log,43,ITensorInfiniteMPS VUMPS,16,,8,,0.0032403001048900743,18.045393541
results/infinite_armchair_warm_start.log,44,ITensorInfiniteMPS VUMPS,17,,8,,0.003206999214190948,18.62825025
results/infinite_armchair_warm_start.log,45,ITensorInfiniteMPS VUMPS,18,,8,,0.0021636721767905143,17.975210625
results/infinite_armchair_warm_start.log,46,ITensorInfiniteMPS VUMPS,19,,8,,0.0013992817333896078,18.326799666
results/infinite_armchair_warm_start.log,47,ITensorInfiniteMPS VUMPS,20,,8,,0.0009288264644064223,18.07803175
results/infinite_armchair_warm_start.log,48,ITensorInfiniteMPS VUMPS,21,,8,,0.000630775585309238,18.733952542
results/infinite_armchair_warm_start.log,49,ITensorInfiniteMPS VUMPS,22,,8,,0.0004989886578783043,17.964917208
results/infinite_armchair_warm_start.log,50,ITensorInfiniteMPS VUMPS,23,,8,,0.0004676114926499079,17.303988291
results/infinite_armchair_warm_start.log,51,ITensorInfiniteMPS VUMPS,24,,8,,0.0004716261744861785,17.260136083
results/infinite_armchair_warm_start.log,52,ITensorInfiniteMPS VUMPS,25,,8,,0.000481405561506401,20.678457458
results/infinite_armchair_warm_start.log,53,ITensorInfiniteMPS VUMPS,26,,8,,0.0004892175894609951,21.3103375
results/infinite_armchair_warm_start.log,54,ITensorInfiniteMPS VUMPS,27,,8,,0.0004950117659219972,22.265527125
results/infinite_armchair_warm_start.log,55,ITensorInfiniteMPS VUMPS,28,,8,,0.0005007518213584091,19.527452709
results/infinite_armchair_warm_start.log,56,ITensorInfiniteMPS VUMPS,29,,8,,0.0005087599941590073,16.246251792
results/infinite_armchair_warm_start.log,57,ITensorInfiniteMPS VUMPS,30,,8,,0.0005214179080088914,15.703578042
results/infinite_armchair_warm_start.log,58,ITensorInfiniteMPS VUMPS,31,,8,,0.0005413117889276032,15.358660584
results/infinite_armchair_warm_start.log,59,ITensorInfiniteMPS VUMPS,32,,8,,0.0005715653585490845,15.312756542
results/infinite_armchair_warm_start.log,60,ITensorInfiniteMPS VUMPS,33,,8,,0.000616328556372616,15.859083208
results/infinite_armchair_warm_start.log,61,ITensorInfiniteMPS VUMPS,34,,8,,0.0006814694379532472,16.698586667
results/infinite_armchair_warm_start.log,62,ITensorInfiniteMPS VUMPS,35,,8,,0.0007755013736348538,17.437224917
results/infinite_armchair_warm_start.log,63,ITensorInfiniteMPS VUMPS,36,,8,,0.0009105170283364201,16.781111083
results/infinite_armchair_warm_start.log,64,ITensorInfiniteMPS VUMPS,37,,8,,0.0011018315088504947,16.792430542
results/infinite_armchair_warm_start.log,65,ITensorInfiniteMPS VUMPS,38,,8,,0.0013620651075911911,17.228715084
results/infinite_armchair_warm_start.log,66,ITensorInfiniteMPS VUMPS,39,,8,,0.0016821747873767463,17.99059
results/infinite_armchair_warm_start.log,67,ITensorInfiniteMPS VUMPS,40,,8,,0.00200570134417825,17.0126165
results/infinite_armchair_warm_start.log,69,ITensorInfiniteMPS VUMPS,1,,16,,0.07427577449078471,49.074070083
results/infinite_armchair_warm_start.log,70,ITensorInfiniteMPS VUMPS,2,,16,,0.046856503104848006,42.182804458
results/infinite_armchair_warm_start.log,71,ITensorInfiniteMPS VUMPS,3,,16,,0.01608048980933641,39.841772084
results/infinite_armchair_warm_start.log,72,ITensorInfiniteMPS VUMPS,4,,16,,0.013023224946430677,46.3071325
results/infinite_armchair_warm_start.log,73,ITensorInfiniteMPS VUMPS,5,,16,,0.010831887516139399,42.155377834
results/infinite_armchair_warm_start.log,74,ITensorInfiniteMPS VUMPS,6,,16,,0.008277136820737952,37.103077333
results/infinite_armchair_warm_start.log,75,ITensorInfiniteMPS VUMPS,7,,16,,0.006980509656637641,35.895566584
results/infinite_armchair_warm_start.log,76,ITensorInfiniteMPS VUMPS,8,,16,,0.006104527379557269,37.169700583
results/infinite_armchair_warm_start.log,77,ITensorInfiniteMPS VUMPS,9,,16,,0.005436022550297865,35.320519708
results/infinite_armchair_warm_start.log,78,ITensorInfiniteMPS VUMPS,10,,16,,0.004978056523422212,37.762167333
results/infinite_armchair_warm_start.log,79,ITensorInfiniteMPS VUMPS,11,,16,,0.0046855236209944065,44.687604292
results/infinite_armchair_warm_start.log,80,ITensorInfiniteMPS VUMPS,12,,16,,0.004514249574328915,37.496437083
results/infinite_armchair_warm_start.log,81,ITensorInfiniteMPS VUMPS,13,,16,,0.004354346537462936,39.066060875
results/infinite_armchair_warm_start.log,82,ITensorInfiniteMPS VUMPS,14,,16,,0.004115193356412047,37.845452209
results/infinite_armchair_warm_start.log,83,ITensorInfiniteMPS VUMPS,15,,16,,0.003881774596662135,36.931713
results/infinite_armchair_warm_start.log,84,ITensorInfiniteMPS VUMPS,16,,16,,0.003679315017886159,36.194154833
results/infinite_armchair_warm_start.log,85,ITensorInfiniteMPS VUMPS,17,,16,,0.0034966932583289055,39.066548375
results/infinite_armchair_warm_start.log,86,ITensorInfiniteMPS VUMPS,18,,16,,0.0033108963654674365,37.797520709
results/infinite_armchair_warm_start.log,87,ITensorInfiniteMPS VUMPS,19,,16,,0.003112847643647866,39.748973375
results/infinite_armchair_warm_start.log,88,ITensorInfiniteMPS VUMPS,20,,16,,0.0029081464705737726,36.940346792
results/infinite_armchair_warm_start.log,89,ITensorInfiniteMPS VUMPS,21,,16,,0.00270507720791633,39.030782625
results/infinite_armchair_warm_start.log,90,ITensorInfiniteMPS VUMPS,22,,16,,0.0025099902902151476,33.896674625
results/infinite_armchair_warm_start.log,91,ITensorInfiniteMPS VUMPS,23,,16,,0.0023268348408753913,35.660831875
results/infinite_armchair_warm_start.log,92,ITensorInfiniteMPS VUMPS,24,,16,,0.002157623695030801,35.54032675
results/infinite_armchair_warm_start.log,93,ITensorInfiniteMPS VUMPS,25,,16,,0.002003002061282855,35.747133042
results/infinite_armchair_warm_start.log,94,ITensorInfiniteMPS VUMPS,26,,16,,0.0018627394035192748,36.497584292
results/infinite_armchair_warm_start.log,95,ITensorInfiniteMPS VUMPS,27,,16,,0.0017361550015771983,37.261561666
results/infinite_armchair_warm_start.log,96,ITensorInfiniteMPS VUMPS,28,,16,,0.0016224563349220395,36.826337542
results/infinite_armchair_warm_start.log,97,ITensorInfiniteMPS VUMPS,29,,16,,0.001520923122278651,35.75448175
results/infinite_armchair_warm_start.log,98,ITensorInfiniteMPS VUMPS,30,,16,,0.0014309027226663998,34.300749167
results/infinite_armchair_warm_start.log,99,ITensorInfiniteMPS VUMPS,31,,16,,0.001351683503039305,33.890204208
results/infinite_armchair_warm_start.log,100,ITensorInfiniteMPS VUMPS,32,,16,,0.0012823765505120652,32.975324166
results/infinite_armchair_warm_start.log,101,ITensorInfiniteMPS VUMPS,33,,16,,0.0012218849493306927,36.268614083
results/infinite_armchair_warm_start.log,102,ITensorInfiniteMPS VUMPS,34,,16,,0.0011689463965391274,32.967852083
results/infinite_armchair_warm_start.log,103,ITensorInfiniteMPS VUMPS,35,,16,,0.0011222038244590616,33.039015416
results/infinite_armchair_warm_start.log,104,ITensorInfiniteMPS VUMPS,36,,16,,0.0010802785028013475,34.362995375
results/infinite_armchair_warm_start.log,105,ITensorInfiniteMPS VUMPS,37,,16,,0.001041838025656662,36.087391708
results/infinite_armchair_warm_start.log,106,ITensorInfiniteMPS VUMPS,38,,16,,0.0010056535073195874,34.687152417
results/infinite_armchair_warm_start.log,107,ITensorInfiniteMPS VUMPS,39,,16,,0.0009706408569235585,34.701197625
results/infinite_armchair_warm_start.log,108,ITensorInfiniteMPS VUMPS,40,,16,,0.0009358895873744966,33.170224792
results/infinite_armchair_warm_start.log,110,ITensorInfiniteMPS VUMPS,1,,62,,0.04305337509458039,171.798169417
results/infinite_armchair_warm_start.log,111,ITensorInfiniteMPS VUMPS,2,,62,,0.04303606765058826,181.495112375
results/infinite_armchair_warm_start.log,112,ITensorInfiniteMPS VUMPS,3,,62,,0.04221421389830109,182.373283416
results/infinite_armchair_warm_start.log,113,ITensorInfiniteMPS VUMPS,4,,62,,0.02377513609763534,181.062250583
results/infinite_armchair_warm_start.log,114,ITensorInfiniteMPS VUMPS,5,,62,,0.017580520124330267,154.344538125
results/infinite_armchair_warm_start.log,115,ITensorInfiniteMPS VUMPS,6,,62,,0.014511125359198563,130.040524458
results/infinite_armchair_warm_start.log,116,ITensorInfiniteMPS VUMPS,7,,62,,0.012296682576315828,140.076007334
results/infinite_armchair_warm_start.log,117,ITensorInfiniteMPS VUMPS,8,,62,,0.010643859317734745,130.053531458
results/infinite_armchair_warm_start.log,118,ITensorInfiniteMPS VUMPS,9,,62,,0.00959968026729149,132.677358959
results/infinite_armchair_warm_start.log,119,ITensorInfiniteMPS VUMPS,10,,62,,0.008909288816864097,131.968148583
results/infinite_armchair_warm_start.log,120,ITensorInfiniteMPS VUMPS,11,,62,,0.008209739399732078,129.492906208
results/infinite_armchair_warm_start.log,121,ITensorInfiniteMPS VUMPS,12,,62,,0.0074633229237956,126.158883958
results/infinite_armchair_warm_start.log,122,ITensorInfiniteMPS VUMPS,13,,62,,0.006738560868364312,136.735230958
results/infinite_armchair_warm_start.log,123,ITensorInfiniteMPS VUMPS,14,,62,,0.006091893074865539,154.392756458
results/infinite_armchair_warm_start.log,124,ITensorInfiniteMPS VUMPS,15,,62,,0.005542917447434214,141.000516083
results/infinite_armchair_warm_start.log,125,ITensorInfiniteMPS VUMPS,16,,62,,0.005083418377832557,160.436052708
results/infinite_armchair_warm_start.log,126,ITensorInfiniteMPS VUMPS,17,,62,,0.004699344816698065,202.097118917
results/infinite_armchair_warm_start.log,127,ITensorInfiniteMPS VUMPS,18,,62,,0.004381781648901299,196.189715334
results/infinite_armchair_warm_start.log,128,ITensorInfiniteMPS VUMPS,19,,62,,0.004114335053830095,206.926970166
results/infinite_armchair_warm_start.log,129,ITensorInfiniteMPS VUMPS,20,,62,,0.003866699184553246,212.58902925
results/infinite_armchair_warm_start.log,130,ITensorInfiniteMPS VUMPS,21,,62,,0.003626223610252411,220.040537375
results/infinite_armchair_warm_start.log,131,ITensorInfiniteMPS VUMPS,22,,62,,0.003403899101389143,240.849637209
results/infinite_armchair_warm_start.log,132,ITensorInfiniteMPS VUMPS,23,,62,,0.0032040237551910246,280.513156333
results/infinite_armchair_warm_start.log,133,ITensorInfiniteMPS VUMPS,24,,62,,0.0030160471000854126,162.857444958
results/infinite_armchair_warm_start.log,134,ITensorInfiniteMPS VUMPS,25,,62,,0.002829881704280576,216.407260583
results/infinite_armchair_warm_start.log,135,ITensorInfiniteMPS VUMPS,26,,62,,0.00264418473713149,187.705367625
results/infinite_armchair_warm_start.log,136,ITensorInfiniteMPS VUMPS,27,,62,,0.0024618598770695787,190.317714292
results/infinite_armchair_warm_start.log,137,ITensorInfiniteMPS VUMPS,28,,62,,0.0022861876119683274,189.95077
results/infinite_armchair_warm_start.log,138,ITensorInfiniteMPS VUMPS,29,,62,,0.0021197175716289635,201.688441625
results/infinite_armchair_warm_start.log,139,ITensorInfiniteMPS VUMPS,30,,62,,0.001963932330860464,202.57576275
results/infinite_armchair_warm_start.log,140,ITensorInfiniteMPS VUMPS,31,,62,,0.0018191946226216182,195.322633667
results/infinite_armchair_warm_start.log,141,ITensorInfiniteMPS VUMPS,32,,62,,0.0016849638286384695,185.49864925
results/infinite_armchair_warm_start.log,142,ITensorInfiniteMPS VUMPS,33,,62,,0.0015601885663807029,190.45395075
results/infinite_armchair_warm_start.log,143,ITensorInfiniteMPS VUMPS,34,,62,,0.0014437114862697685,227.462057
results/infinite_armchair_warm_start.log,144,ITensorInfiniteMPS VUMPS,35,,62,,0.0013345665224545787,215.261131917
results/infinite_armchair_warm_start.log,145,ITensorInfiniteMPS VUMPS,36,,62,,0.0012321286827503102,256.515348
results/infinite_armchair_warm_start.log,146,ITensorInfiniteMPS VUMPS,37,,62,,0.001136135001915309,198.654640042
results/infinite_armchair_warm_start.log,147,ITensorInfiniteMPS VUMPS,38,,62,,0.0010466194417117281,190.186868416
results/infinite_armchair_warm_start.log,148,ITensorInfiniteMPS VUMPS,39,,62,,0.0009638064790870941,203.925053875
results/infinite_armchair_warm_start.log,149,ITensorInfiniteMPS VUMPS,40,,62,,0.0008879981949318824,150.709677542
results/infinite_qn_continuation_audited_refined.log,2,ITensorInfiniteMPS VUMPS,1,,32,,0.06496068802841844,23.47730825
results/infinite_qn_continuation_audited_refined.log,3,ITensorInfiniteMPS VUMPS,2,,32,,0.051033629235383064,15.244522084
results/infinite_qn_continuation_audited_refined.log,4,ITensorInfiniteMPS VUMPS,3,,32,,0.028036676769676444,15.67861175
results/infinite_qn_continuation_audited_refined.log,5,ITensorInfiniteMPS VUMPS,4,,32,,0.018746701519760618,15.896906417
results/infinite_qn_continuation_audited_refined.log,6,ITensorInfiniteMPS VUMPS,5,,32,,0.013909982133982587,16.055971583
results/infinite_qn_continuation_audited_refined.log,7,ITensorInfiniteMPS VUMPS,6,,32,,0.01023756867403573,16.245617083
results/infinite_qn_continuation_audited_refined.log,8,ITensorInfiniteMPS VUMPS,7,,32,,0.007415580077886807,17.465558292
results/infinite_qn_continuation_audited_refined.log,9,ITensorInfiniteMPS VUMPS,8,,32,,0.00557365109842153,15.387173
results/infinite_qn_continuation_audited_refined.log,10,ITensorInfiniteMPS VUMPS,9,,32,,0.004360869123310947,15.621338333
results/infinite_qn_continuation_audited_refined.log,11,ITensorInfiniteMPS VUMPS,10,,32,,0.003511923724482788,15.462191125
results/infinite_qn_continuation_audited_refined.log,12,ITensorInfiniteMPS VUMPS,11,,32,,0.002885322679446446,15.499428291
results/infinite_qn_continuation_audited_refined.log,13,ITensorInfiniteMPS VUMPS,12,,32,,0.0024058075952333915,15.242518333
results/infinite_qn_continuation_audited_refined.log,14,ITensorInfiniteMPS VUMPS,13,,32,,0.002030220717225341,15.415099833
results/infinite_qn_continuation_audited_refined.log,15,ITensorInfiniteMPS VUMPS,14,,32,,0.0017316843265466236,14.88641325
results/infinite_qn_continuation_audited_refined.log,16,ITensorInfiniteMPS VUMPS,15,,32,,0.001492039769574534,15.756264792
results/infinite_qn_continuation_audited_refined.log,17,ITensorInfiniteMPS VUMPS,16,,32,,0.0012981765837980737,14.624708792
results/infinite_qn_continuation_audited_refined.log,18,ITensorInfiniteMPS VUMPS,17,,32,,0.0011401938380359543,15.44145225
results/infinite_qn_continuation_audited_refined.log,19,ITensorInfiniteMPS VUMPS,18,,32,,0.0010104324551866502,15.088531542
results/infinite_qn_continuation_audited_refined.log,20,ITensorInfiniteMPS VUMPS,19,,32,,0.0009029142775835153,15.693406542
results/infinite_qn_continuation_audited_refined.log,21,ITensorInfiniteMPS VUMPS,20,,32,,0.0008129719645525226,15.117441209
results/infinite_qn_continuation_audited_refined.log,22,ITensorInfiniteMPS VUMPS,21,,32,,0.0007391732706103787,15.332641667
results/infinite_qn_continuation_audited_refined.log,23,ITensorInfiniteMPS VUMPS,22,,32,,0.0006781570745184273,15.231654417
results/infinite_qn_continuation_audited_refined.log,24,ITensorInfiniteMPS VUMPS,23,,32,,0.0006249618264231789,15.732318542
results/infinite_qn_continuation_audited_refined.log,25,ITensorInfiniteMPS VUMPS,24,,32,,0.0005781785436974394,14.18054875
results/infinite_qn_continuation_audited_refined.log,26,ITensorInfiniteMPS VUMPS,25,,32,,0.0005367145380751882,14.936413291
results/infinite_qn_continuation_audited_refined.log,27,ITensorInfiniteMPS VUMPS,26,,32,,0.0004997127496836161,15.309904208
results/infinite_qn_continuation_audited_refined.log,28,ITensorInfiniteMPS VUMPS,27,,32,,0.0004664928206334514,15.353613667
results/infinite_qn_continuation_audited_refined.log,29,ITensorInfiniteMPS VUMPS,28,,32,,0.00043650811604785796,14.994684708
results/infinite_qn_continuation_audited_refined.log,30,ITensorInfiniteMPS VUMPS,29,,32,,0.00040931437758286887,14.691264916
results/infinite_qn_continuation_audited_refined.log,31,ITensorInfiniteMPS VUMPS,30,,32,,0.0003845465540169642,15.129930458
results/infinite_qn_continuation_audited_refined.log,32,ITensorInfiniteMPS VUMPS,31,,32,,0.0003619017260259858,15.167424625
results/infinite_qn_continuation_audited_refined.log,33,ITensorInfiniteMPS VUMPS,32,,32,,0.0003411261511318706,14.405671542
results/infinite_qn_continuation_audited_refined.log,34,ITensorInfiniteMPS VUMPS,33,,32,,0.0003220055472992372,14.966209709
results/infinite_qn_continuation_audited_refined.log,35,ITensorInfiniteMPS VUMPS,34,,32,,0.0003043575667669573,15.295782791
results/infinite_qn_continuation_audited_refined.log,36,ITensorInfiniteMPS VUMPS,35,,32,,0.00028802595508897543,14.139236666
results/infinite_qn_continuation_audited_refined.log,37,ITensorInfiniteMPS VUMPS,36,,32,,0.0002728759843876682,14.51462025
results/infinite_qn_continuation_audited_refined.log,38,ITensorInfiniteMPS VUMPS,37,,32,,0.000258790806681234,17.918051375
results/infinite_qn_continuation_audited_refined.log,39,ITensorInfiniteMPS VUMPS,38,,32,,0.00024566853612611187,15.562687083
results/infinite_qn_continuation_audited_refined.log,40,ITensorInfiniteMPS VUMPS,39,,32,,0.00023341991126672935,14.618192333
results/infinite_qn_continuation_audited_refined.log,41,ITensorInfiniteMPS VUMPS,40,,32,,0.0002219663650709419,14.510003917
results/infinite_qn_continuation_audited_refined.log,61,ITensorInfiniteMPS VUMPS,1,,32,,0.00021123846996261238,15.217291708
results/infinite_qn_continuation_audited_refined.log,62,ITensorInfiniteMPS VUMPS,2,,32,,0.00020117462649881147,14.749717208
results/infinite_qn_continuation_audited_refined.log,63,ITensorInfiniteMPS VUMPS,3,,32,,0.00019171997066576172,14.986062209
results/infinite_qn_continuation_audited_refined.log,64,ITensorInfiniteMPS VUMPS,4,,32,,0.00018282549772337734,14.787309792
results/infinite_qn_continuation_audited_refined.log,65,ITensorInfiniteMPS VUMPS,5,,32,,0.00017444729435163206,20.873763291
results/infinite_qn_continuation_audited_refined.log,66,ITensorInfiniteMPS VUMPS,6,,32,,0.0001665458652419126,15.094884125
results/infinite_qn_continuation_audited_refined.log,67,ITensorInfiniteMPS VUMPS,7,,32,,0.0001590856131041871,14.669109166
results/infinite_qn_continuation_audited_refined.log,68,ITensorInfiniteMPS VUMPS,8,,32,,0.00015203437953501198,14.596704417
results/infinite_qn_continuation_audited_refined.log,69,ITensorInfiniteMPS VUMPS,9,,32,,0.00014536300671471038,15.576812666
results/infinite_qn_continuation_audited_refined.log,70,ITensorInfiniteMPS VUMPS,10,,32,,0.00013904502195720916,14.744550917
results/infinite_qn_continuation_audited_refined.log,71,ITensorInfiniteMPS VUMPS,11,,32,,0.00013305632942456217,14.323163459
results/infinite_qn_continuation_audited_refined.log,72,ITensorInfiniteMPS VUMPS,12,,32,,0.0001273749277266072,14.524164167
results/infinite_qn_continuation_audited_refined.log,73,ITensorInfiniteMPS VUMPS,13,,32,,0.00012198073577739876,15.176084333
results/infinite_qn_continuation_audited_refined.log,74,ITensorInfiniteMPS VUMPS,14,,32,,0.00011685533771730116,15.047677666
results/infinite_qn_continuation_audited_refined.log,75,ITensorInfiniteMPS VUMPS,15,,32,,0.0001119818414211071,14.64179425
results/infinite_qn_continuation_audited_refined.log,76,ITensorInfiniteMPS VUMPS,16,,32,,0.00010734470067766696,14.621267667
results/infinite_qn_continuation_audited_refined.log,77,ITensorInfiniteMPS VUMPS,17,,32,,0.00010292961606892277,14.442203625
results/infinite_qn_continuation_audited_refined.log,78,ITensorInfiniteMPS VUMPS,18,,32,,9.872337309194084e-05,14.634785458
results/infinite_qn_continuation_audited_refined.log,79,ITensorInfiniteMPS VUMPS,19,,32,,9.471378124612127e-05,14.991594917
results/infinite_qn_continuation_audited_refined.log,80,ITensorInfiniteMPS VUMPS,20,,32,,9.088954748437824e-05,14.802309875
results/infinite_qn_continuation_audited_refined.log,81,ITensorInfiniteMPS VUMPS,21,,32,,8.724020231902987e-05,15.347952833
results/infinite_qn_continuation_audited_refined.log,82,ITensorInfiniteMPS VUMPS,22,,32,,8.375603248612905e-05,15.754180333
results/infinite_qn_continuation_audited_refined.log,83,ITensorInfiniteMPS VUMPS,23,,32,,8.042799633147915e-05,14.580066333
results/infinite_qn_continuation_audited_refined.log,84,ITensorInfiniteMPS VUMPS,24,,32,,7.72476775729942e-05,14.509289083
results/infinite_qn_continuation_audited_refined.log,85,ITensorInfiniteMPS VUMPS,25,,32,,7.42072441618594e-05,14.686457083
results/infinite_qn_continuation_audited_refined.log,86,ITensorInfiniteMPS VUMPS,26,,32,,7.129937366361707e-05,15.174396625
results/infinite_qn_continuation_audited_refined.log,87,ITensorInfiniteMPS VUMPS,27,,32,,6.851722394664018e-05,12.337825875
results/infinite_qn_continuation_audited_refined.log,88,ITensorInfiniteMPS VUMPS,28,,32,,6.585439003844236e-05,11.343009167
results/infinite_qn_continuation_audited_refined.log,89,ITensorInfiniteMPS VUMPS,29,,32,,6.330489000962179e-05,11.12378025
results/infinite_qn_continuation_audited_refined.log,90,ITensorInfiniteMPS VUMPS,30,,32,,6.086309812672475e-05,11.425043875
results/infinite_qn_continuation_audited_refined.log,91,ITensorInfiniteMPS VUMPS,31,,32,,5.8523723312769206e-05,11.168494375
results/infinite_qn_continuation_audited_refined.log,92,ITensorInfiniteMPS VUMPS,32,,32,,5.628180875002741e-05,10.944715708
results/infinite_qn_continuation_audited_refined.log,93,ITensorInfiniteMPS VUMPS,33,,32,,5.4132689717212186e-05,11.0534215
results/infinite_qn_continuation_audited_refined.log,94,ITensorInfiniteMPS VUMPS,34,,32,,5.207197485055765e-05,10.967148792
results/infinite_qn_continuation_audited_refined.log,95,ITensorInfiniteMPS VUMPS,35,,32,,5.0095513158551954e-05,11.197195666
results/infinite_qn_continuation_audited_refined.log,96,ITensorInfiniteMPS VUMPS,36,,32,,4.8199404769769525e-05,11.32551725
results/infinite_qn_continuation_audited_refined.log,97,ITensorInfiniteMPS VUMPS,37,,32,,4.637995604093754e-05,11.032104
results/infinite_qn_continuation_audited_refined.log,98,ITensorInfiniteMPS VUMPS,38,,32,,4.4633679289207015e-05,10.979754541
results/infinite_qn_continuation_audited_refined.log,99,ITensorInfiniteMPS VUMPS,39,,32,,4.2957284714030254e-05,11.358776083
results/infinite_qn_continuation_audited_refined.log,100,ITensorInfiniteMPS VUMPS,40,,32,,4.134764825416785e-05,10.944010375
results/infinite_qn_continuation_audited_refined.log,102,ITensorInfiniteMPS VUMPS,1,,64,,0.035774547402344925,26.902692375
results/infinite_qn_continuation_audited_refined.log,103,ITensorInfiniteMPS VUMPS,2,,64,,0.038229863821947596,29.139749833
results/infinite_qn_continuation_audited_refined.log,104,ITensorInfiniteMPS VUMPS,3,,64,,0.026184799112466642,29.362884375
results/infinite_qn_continuation_audited_refined.log,105,ITensorInfiniteMPS VUMPS,4,,64,,0.014414920208771663,29.798300292
results/infinite_qn_continuation_audited_refined.log,106,ITensorInfiniteMPS VUMPS,5,,64,,0.007547980640179963,35.338917375
results/infinite_qn_continuation_audited_refined.log,107,ITensorInfiniteMPS VUMPS,6,,64,,0.004156801611595265,35.261439166
results/infinite_qn_continuation_audited_refined.log,108,ITensorInfiniteMPS VUMPS,7,,64,,0.0024866113307412613,48.40233475
results/infinite_qn_continuation_audited_refined.log,109,ITensorInfiniteMPS VUMPS,8,,64,,0.001719874230493333,47.674623792
results/infinite_qn_continuation_audited_refined.log,110,ITensorInfiniteMPS VUMPS,9,,64,,0.0014024702983905886,41.345737292
results/infinite_qn_continuation_audited_refined.log,111,ITensorInfiniteMPS VUMPS,10,,64,,0.0012883644629870833,39.586007833
results/infinite_qn_continuation_audited_refined.log,112,ITensorInfiniteMPS VUMPS,11,,64,,0.001198499762682762,40.4302025
results/infinite_qn_continuation_audited_refined.log,113,ITensorInfiniteMPS VUMPS,12,,64,,0.0010435832549934737,41.709099583
results/infinite_qn_continuation_audited_refined.log,114,ITensorInfiniteMPS VUMPS,13,,64,,0.0008604499546695486,52.045879625
results/infinite_qn_continuation_audited_refined.log,115,ITensorInfiniteMPS VUMPS,14,,64,,0.0006953006107208228,52.737684167
results/infinite_qn_continuation_audited_refined.log,116,ITensorInfiniteMPS VUMPS,15,,64,,0.0005596497375069313,71.169875292
results/infinite_qn_continuation_audited_refined.log,117,ITensorInfiniteMPS VUMPS,16,,64,,0.0004523077147673113,55.037495375
results/infinite_qn_continuation_audited_refined.log,118,ITensorInfiniteMPS VUMPS,17,,64,,0.0003704658604375803,53.774742708
results/infinite_qn_continuation_audited_refined.log,119,ITensorInfiniteMPS VUMPS,18,,64,,0.0003465296360097409,58.889273417
results/infinite_qn_continuation_audited_refined.log,120,ITensorInfiniteMPS VUMPS,19,,64,,0.0003555128408683959,61.090400125
results/infinite_qn_continuation_audited_refined.log,121,ITensorInfiniteMPS VUMPS,20,,64,,0.00037744998220424467,55.141211083
results/infinite_qn_continuation_audited_refined.log,122,ITensorInfiniteMPS VUMPS,21,,64,,0.000409143424062211,72.609924166
results/infinite_qn_continuation_audited_refined.log,123,ITensorInfiniteMPS VUMPS,22,,64,,0.000448154886904648,65.06025125
results/infinite_qn_continuation_audited_refined.log,124,ITensorInfiniteMPS VUMPS,23,,64,,0.0004925592610322972,101.170155667
results/infinite_qn_continuation_audited_refined.log,125,ITensorInfiniteMPS VUMPS,24,,64,,0.0005404884027643804,82.269337708
results/infinite_qn_continuation_audited_refined.log,126,ITensorInfiniteMPS VUMPS,25,,64,,0.0005896945732128076,55.571017792
results/infinite_qn_continuation_audited_refined.log,127,ITensorInfiniteMPS VUMPS,26,,64,,0.0006372629554535378,37.195237375
results/infinite_qn_continuation_audited_refined.log,128,ITensorInfiniteMPS VUMPS,27,,64,,0.0006796200745885961,45.025190959
results/infinite_qn_continuation_audited_refined.log,129,ITensorInfiniteMPS VUMPS,28,,64,,0.0007129895111117779,50.512104125
results/infinite_qn_continuation_audited_refined.log,130,ITensorInfiniteMPS VUMPS,29,,64,,0.000734266243083215,40.571821084
results/infinite_qn_continuation_audited_refined.log,131,ITensorInfiniteMPS VUMPS,30,,64,,0.000741934312043331,38.567506125
results/infinite_qn_continuation_audited_refined.log,132,ITensorInfiniteMPS VUMPS,31,,64,,0.0007501048442429823,41.295517958
results/infinite_qn_continuation_audited_refined.log,133,ITensorInfiniteMPS VUMPS,32,,64,,0.0007837080549837006,44.7907475
results/infinite_qn_continuation_audited_refined.log,134,ITensorInfiniteMPS VUMPS,33,,64,,0.000806572315284401,47.28940325
results/infinite_qn_continuation_audited_refined.log,135,ITensorInfiniteMPS VUMPS,34,,64,,0.0008171174811283427,53.698443167
results/infinite_qn_continuation_audited_refined.log,136,ITensorInfiniteMPS VUMPS,35,,64,,0.0008152592005762339,56.901832958
results/infinite_qn_continuation_audited_refined.log,137,ITensorInfiniteMPS VUMPS,36,,64,,0.0008023644380437932,37.95888275
results/infinite_qn_continuation_audited_refined.log,138,ITensorInfiniteMPS VUMPS,37,,64,,0.0007807471415729945,42.432888417
results/infinite_qn_continuation_audited_refined.log,139,ITensorInfiniteMPS VUMPS,38,,64,,0.000752995283433754,52.072406042
results/infinite_qn_continuation_audited_refined.log,140,ITensorInfiniteMPS VUMPS,39,,64,,0.0007214506603036206,43.916519625
results/infinite_qn_continuation_audited_refined.log,141,ITensorInfiniteMPS VUMPS,40,,64,,0.0006879856134516404,47.6884775
results/infinite_qn_continuation_audited_refined.log,159,ITensorInfiniteMPS VUMPS,1,,64,,0.0012501431082266028,54.368476792
results/infinite_qn_continuation_audited_refined.log,160,ITensorInfiniteMPS VUMPS,2,,64,,0.001016017188319281,68.612204083
results/infinite_qn_continuation_audited_refined.log,161,ITensorInfiniteMPS VUMPS,3,,64,,0.0008596878064978511,65.8213965
results/infinite_qn_continuation_audited_refined.log,162,ITensorInfiniteMPS VUMPS,4,,64,,0.0007179902580376794,72.858648666
results/infinite_qn_continuation_audited_refined.log,163,ITensorInfiniteMPS VUMPS,5,,64,,0.0005954411577856815,42.908246458
results/infinite_qn_continuation_audited_refined.log,164,ITensorInfiniteMPS VUMPS,6,,64,,0.0005387020471534642,41.445062916
results/infinite_qn_continuation_audited_refined.log,165,ITensorInfiniteMPS VUMPS,7,,64,,0.0005292140678929203,41.532431667
results/infinite_qn_continuation_audited_refined.log,166,ITensorInfiniteMPS VUMPS,8,,64,,0.0005249956219689084,40.769412667
results/infinite_qn_continuation_audited_refined.log,167,ITensorInfiniteMPS VUMPS,9,,64,,0.0005195227087736368,43.64317425
results/infinite_qn_continuation_audited_refined.log,168,ITensorInfiniteMPS VUMPS,10,,64,,0.0005033789139220001,43.1337875
results/infinite_qn_continuation_audited_refined.log,169,ITensorInfiniteMPS VUMPS,11,,64,,0.00047810827066956633,44.431787292
results/infinite_qn_continuation_audited_refined.log,170,ITensorInfiniteMPS VUMPS,12,,64,,0.0004481352798774949,45.176001
results/infinite_qn_continuation_audited_refined.log,171,ITensorInfiniteMPS VUMPS,13,,64,,0.00041713121212355597,46.369350417
results/infinite_qn_continuation_audited_refined.log,172,ITensorInfiniteMPS VUMPS,14,,64,,0.0003871283697119379,45.814992709
results/infinite_qn_continuation_audited_refined.log,173,ITensorInfiniteMPS VUMPS,15,,64,,0.0003589622928157776,42.8394425
results/infinite_qn_continuation_audited_refined.log,174,ITensorInfiniteMPS VUMPS,16,,64,,0.0003328389614099912,50.065672375
results/infinite_qn_continuation_audited_refined.log,175,ITensorInfiniteMPS VUMPS,17,,64,,0.0003086972517090034,55.748851625
results/infinite_qn_continuation_audited_refined.log,176,ITensorInfiniteMPS VUMPS,18,,64,,0.0002863889248183941,58.768968625
results/infinite_qn_continuation_audited_refined.log,177,ITensorInfiniteMPS VUMPS,19,,64,,0.00026575371963838537,60.076474458
results/infinite_qn_continuation_audited_refined.log,178,ITensorInfiniteMPS VUMPS,20,,64,,0.0002466444777766823,56.508730708
results/infinite_qn_continuation_audited_refined.log,179,ITensorInfiniteMPS VUMPS,21,,64,,0.00022893240248080947,58.722561166
results/infinite_qn_continuation_audited_refined.log,180,ITensorInfiniteMPS VUMPS,22,,64,,0.0002125052728850658,60.741792542
results/infinite_qn_continuation_audited_refined.log,181,ITensorInfiniteMPS VUMPS,23,,64,,0.00019726419953479342,57.956314917
results/infinite_qn_continuation_audited_refined.log,182,ITensorInfiniteMPS VUMPS,24,,64,,0.00018312079070506286,52.663804875
results/infinite_qn_continuation_audited_refined.log,183,ITensorInfiniteMPS VUMPS,25,,64,,0.0001699948579195898,54.742955959
results/infinite_qn_continuation_audited_refined.log,184,ITensorInfiniteMPS VUMPS,26,,64,,0.00015781301422318586,58.23347825
results/infinite_qn_continuation_audited_refined.log,185,ITensorInfiniteMPS VUMPS,27,,64,,0.00014650751230426917,63.927356042
results/infinite_qn_continuation_audited_refined.log,186,ITensorInfiniteMPS VUMPS,28,,64,,0.00013601565702984635,47.917854166
results/infinite_qn_continuation_audited_refined.log,187,ITensorInfiniteMPS VUMPS,29,,64,,0.0001262791786469826,51.726873917
results/infinite_qn_continuation_audited_refined.log,188,ITensorInfiniteMPS VUMPS,30,,64,,0.00011724393750328354,51.467476875
results/infinite_qn_continuation_audited_refined.log,189,ITensorInfiniteMPS VUMPS,31,,64,,0.00010885948757540485,57.054458833
results/infinite_qn_continuation_audited_refined.log,190,ITensorInfiniteMPS VUMPS,32,,64,,0.00010107898908043231,60.458968292
results/infinite_qn_continuation_audited_refined.log,191,ITensorInfiniteMPS VUMPS,33,,64,,9.385887736686133e-05,49.280881583
results/infinite_qn_continuation_audited_refined.log,192,ITensorInfiniteMPS VUMPS,34,,64,,8.715865969371632e-05,59.47719375
results/infinite_qn_continuation_audited_refined.log,193,ITensorInfiniteMPS VUMPS,35,,64,,8.094071266024056e-05,54.643951042
results/infinite_qn_continuation_audited_refined.log,194,ITensorInfiniteMPS VUMPS,36,,64,,7.517010997943014e-05,47.331386708
results/infinite_qn_continuation_audited_refined.log,195,ITensorInfiniteMPS VUMPS,37,,64,,6.981444379000642e-05,49.434692167
results/infinite_qn_continuation_audited_refined.log,196,ITensorInfiniteMPS VUMPS,38,,64,,6.484359482229202e-05,47.309853041
results/infinite_qn_continuation_audited_refined.log,197,ITensorInfiniteMPS VUMPS,39,,64,,6.02296812294592e-05,56.819135417
results/infinite_qn_continuation_audited_refined.log,198,ITensorInfiniteMPS VUMPS,40,,64,,5.594685316850503e-05,52.720732542
results/infinite_qn_continuation_audited_refined.log,200,ITensorInfiniteMPS VUMPS,1,,128,,0.021893607136401025,183.246666083
results/infinite_qn_continuation_audited_refined.log,201,ITensorInfiniteMPS VUMPS,2,,128,,0.033102371051344115,193.894247708
results/infinite_qn_continuation_audited_refined.log,202,ITensorInfiniteMPS VUMPS,3,,128,,0.02528621371475762,190.776264125
results/infinite_qn_continuation_audited_refined.log,203,ITensorInfiniteMPS VUMPS,4,,128,,0.016745832644093538,184.973654
results/infinite_qn_continuation_audited_refined.log,204,ITensorInfiniteMPS VUMPS,5,,128,,0.010682119792787046,181.436633584
results/infinite_qn_continuation_audited_refined.log,205,ITensorInfiniteMPS VUMPS,6,,128,,0.006668076115831728,180.634305
results/infinite_qn_continuation_audited_refined.log,206,ITensorInfiniteMPS VUMPS,7,,128,,0.004362778719280912,186.284541834
results/infinite_qn_continuation_audited_refined.log,207,ITensorInfiniteMPS VUMPS,8,,128,,0.0029965267387080637,175.173227584
results/infinite_qn_continuation_audited_refined.log,208,ITensorInfiniteMPS VUMPS,9,,128,,0.002108285147480252,181.861401416
results/infinite_qn_continuation_audited_refined.log,209,ITensorInfiniteMPS VUMPS,10,,128,,0.0015378703797438269,164.708918459
results/infinite_qn_continuation_audited_refined.log,210,ITensorInfiniteMPS VUMPS,11,,128,,0.0012813127344709222,126.222541417
results/infinite_qn_continuation_audited_refined.log,211,ITensorInfiniteMPS VUMPS,12,,128,,0.0010651197744512184,133.165037459
results/infinite_qn_continuation_audited_refined.log,212,ITensorInfiniteMPS VUMPS,13,,128,,0.0008847640039934862,122.551653542
results/infinite_qn_continuation_audited_refined.log,213,ITensorInfiniteMPS VUMPS,14,,128,,0.0010605545455594446,125.521930666
results/infinite_qn_continuation_audited_refined.log,214,ITensorInfiniteMPS VUMPS,15,,128,,0.0014810228192919822,125.262819958
results/infinite_qn_continuation_audited_refined.log,215,ITensorInfiniteMPS VUMPS,16,,128,,0.001755781276000437,127.650834791
results/infinite_qn_continuation_audited_refined.log,216,ITensorInfiniteMPS VUMPS,17,,128,,0.0017774038996700807,123.252622625
results/infinite_qn_continuation_audited_refined.log,217,ITensorInfiniteMPS VUMPS,18,,128,,0.0016599794063807338,121.860251875
results/infinite_qn_continuation_audited_refined.log,218,ITensorInfiniteMPS VUMPS,19,,128,,0.0015032989855625894,137.405045375
results/infinite_qn_continuation_audited_refined.log,219,ITensorInfiniteMPS VUMPS,20,,128,,0.0013473648348860797,146.051637333
results/infinite_qn_continuation_audited_refined.log,220,ITensorInfiniteMPS VUMPS,21,,128,,0.001196864879894769,129.766272458
results/infinite_qn_continuation_audited_refined.log,221,ITensorInfiniteMPS VUMPS,22,,128,,0.001051083390479364,171.973007708
results/infinite_qn_continuation_audited_refined.log,222,ITensorInfiniteMPS VUMPS,23,,128,,0.0009126458948433536,195.970139291
results/infinite_qn_continuation_audited_refined.log,223,ITensorInfiniteMPS VUMPS,24,,128,,0.0007843586514387329,201.418447625
results/infinite_qn_continuation_audited_refined.log,224,ITensorInfiniteMPS VUMPS,25,,128,,0.0006682559446751223,224.367373667
results/infinite_qn_continuation_audited_refined.log,225,ITensorInfiniteMPS VUMPS,26,,128,,0.00056547771185107,216.427786542
results/infinite_qn_continuation_audited_refined.log,226,ITensorInfiniteMPS VUMPS,27,,128,,0.00047627800937174655,238.933663958
results/infinite_qn_continuation_audited_refined.log,227,ITensorInfiniteMPS VUMPS,28,,128,,0.00040018226259308894,263.835950583
results/infinite_qn_continuation_audited_refined.log,228,ITensorInfiniteMPS VUMPS,29,,128,,0.00033616832992873074,250.037588208
results/infinite_qn_continuation_audited_refined.log,229,ITensorInfiniteMPS VUMPS,30,,128,,0.0002828552549236899,157.139235792
results/infinite_qn_continuation_audited_refined.log,230,ITensorInfiniteMPS VUMPS,31,,128,,0.00023876097351988336,221.33341825
results/infinite_qn_continuation_audited_refined.log,231,ITensorInfiniteMPS VUMPS,32,,128,,0.00021848843884840274,185.320325834
results/infinite_qn_continuation_audited_refined.log,232,ITensorInfiniteMPS VUMPS,33,,128,,0.00020517537494048454,190.457879083
results/infinite_qn_continuation_audited_refined.log,233,ITensorInfiniteMPS VUMPS,34,,128,,0.0001925840751634248,187.237841792
results/infinite_qn_continuation_audited_refined.log,234,ITensorInfiniteMPS VUMPS,35,,128,,0.00018068737310005352,220.549127791
results/infinite_qn_continuation_audited_refined.log,235,ITensorInfiniteMPS VUMPS,36,,128,,0.00016946492818211583,188.409571042
results/infinite_qn_continuation_audited_refined.log,236,ITensorInfiniteMPS VUMPS,37,,128,,0.00015890097688264987,200.542005792
results/infinite_qn_continuation_audited_refined.log,237,ITensorInfiniteMPS VUMPS,38,,128,,0.00014898195484470644,188.587876875
results/infinite_qn_continuation_audited_refined.log,238,ITensorInfiniteMPS VUMPS,39,,128,,0.0001396943779245883,218.006436792
results/infinite_qn_continuation_audited_refined.log,239,ITensorInfiniteMPS VUMPS,40,,128,,0.00013102352572375128,212.1616075
results/infinite_qn_continuation_audited_refined.log,258,ITensorInfiniteMPS VUMPS,1,,128,,0.00029942123109657435,263.06612
results/infinite_qn_continuation_audited_refined.log,259,ITensorInfiniteMPS VUMPS,2,,128,,0.00027204209178563254,214.114515959
results/infinite_qn_continuation_audited_refined.log,260,ITensorInfiniteMPS VUMPS,3,,128,,0.00022049207279750972,200.009532417
results/infinite_qn_continuation_audited_refined.log,261,ITensorInfiniteMPS VUMPS,4,,128,,0.0001799118458590944,210.902230125
results/infinite_qn_continuation_audited_refined.log,262,ITensorInfiniteMPS VUMPS,5,,128,,0.00014816213657343433,175.549673708
results/infinite_qn_continuation_audited_refined.log,263,ITensorInfiniteMPS VUMPS,6,,128,,0.00012302543905568249,122.126182458
results/infinite_qn_continuation_audited_refined.log,264,ITensorInfiniteMPS VUMPS,7,,128,,0.00010308835238877671,110.920689167
results/infinite_qn_continuation_audited_refined.log,265,ITensorInfiniteMPS VUMPS,8,,128,,8.727643226162379e-05,110.267838208
results/infinite_zigzag_w2_warm_start.log,42,ITensorInfiniteMPS VUMPS,1,,8,,0.8113421344308397,104.230023917
results/infinite_zigzag_w2_warm_start.log,43,ITensorInfiniteMPS VUMPS,2,,8,,0.5799475342989014,75.62683975
results/infinite_zigzag_w2_warm_start.log,44,ITensorInfiniteMPS VUMPS,3,,8,,0.21496520577441638,79.514855
results/infinite_zigzag_w2_warm_start.log,45,ITensorInfiniteMPS VUMPS,4,,8,,0.07286489939206639,77.6764395
results/infinite_zigzag_w2_warm_start.log,46,ITensorInfiniteMPS VUMPS,5,,8,,0.03998518571178688,79.047371708
results/infinite_zigzag_w2_warm_start.log,47,ITensorInfiniteMPS VUMPS,6,,8,,0.03140375849089754,79.651774333
results/infinite_zigzag_w2_warm_start.log,48,ITensorInfiniteMPS VUMPS,7,,8,,0.024566821277570417,87.032014375
results/infinite_zigzag_w2_warm_start.log,49,ITensorInfiniteMPS VUMPS,8,,8,,0.023122719439441882,83.622500042
results/infinite_zigzag_w2_warm_start.log,50,ITensorInfiniteMPS VUMPS,9,,8,,0.0210221945371602,78.794181541
results/infinite_zigzag_w2_warm_start.log,51,ITensorInfiniteMPS VUMPS,10,,8,,0.019694417887111324,85.768881875
results/infinite_zigzag_w2_warm_start.log,52,ITensorInfiniteMPS VUMPS,11,,8,,0.020000960107155685,87.2123455
results/infinite_zigzag_w2_warm_start.log,53,ITensorInfiniteMPS VUMPS,12,,8,,0.0212280712025301,78.368059333
results/infinite_zigzag_w2_warm_start.log,54,ITensorInfiniteMPS VUMPS,13,,8,,0.020981965404195523,104.914383334
results/infinite_zigzag_w2_warm_start.log,55,ITensorInfiniteMPS VUMPS,14,,8,,0.019980157184750356,79.936803833
results/infinite_zigzag_w2_warm_start.log,56,ITensorInfiniteMPS VUMPS,15,,8,,0.021571454394115556,113.142275292
results/infinite_zigzag_w2_warm_start.log,57,ITensorInfiniteMPS VUMPS,16,,8,,0.04857344470025031,128.194794583
results/infinite_zigzag_w2_warm_start.log,58,ITensorInfiniteMPS VUMPS,17,,8,,0.04830880637043182,100.393882542
results/infinite_zigzag_w2_warm_start.log,59,ITensorInfiniteMPS VUMPS,18,,8,,0.03540702624319222,69.93174575
results/infinite_zigzag_w2_warm_start.log,60,ITensorInfiniteMPS VUMPS,19,,8,,0.034436381882709255,61.237371167
results/infinite_zigzag_w2_warm_start.log,61,ITensorInfiniteMPS VUMPS,20,,8,,0.032335391950997404,59.035370875
results/infinite_zigzag_w2_warm_start.log,62,ITensorInfiniteMPS VUMPS,21,,8,,0.028220285838571852,84.438547708
results/infinite_zigzag_w2_warm_start.log,63,ITensorInfiniteMPS VUMPS,22,,8,,0.022222511579974888,92.9820165
results/infinite_zigzag_w2_warm_start.log,64,ITensorInfiniteMPS VUMPS,23,,8,,0.019737568235742988,75.539096791
results/infinite_zigzag_w2_warm_start.log,65,ITensorInfiniteMPS VUMPS,24,,8,,0.02049497198768834,72.528534458
results/infinite_zigzag_w2_warm_start.log,66,ITensorInfiniteMPS VUMPS,25,,8,,0.01990321833853747,71.287000417
results/infinite_zigzag_w2_warm_start.log,67,ITensorInfiniteMPS VUMPS,26,,8,,0.01850465256611734,72.971312417
results/infinite_zigzag_w2_warm_start.log,68,ITensorInfiniteMPS VUMPS,27,,8,,0.013481066813107706,75.48693825
results/infinite_zigzag_w2_warm_start.log,69,ITensorInfiniteMPS VUMPS,28,,8,,0.011795459182237265,73.107091583
results/infinite_zigzag_w2_warm_start.log,70,ITensorInfiniteMPS VUMPS,29,,8,,0.008207838410002551,72.337780834
results/infinite_zigzag_w2_warm_start.log,71,ITensorInfiniteMPS VUMPS,30,,8,,0.008215471387090013,73.107394375
results/infinite_zigzag_w2_warm_start.log,72,ITensorInfiniteMPS VUMPS,31,,8,,0.007593422539066441,73.344578791
results/infinite_zigzag_w2_warm_start.log,73,ITensorInfiniteMPS VUMPS,32,,8,,0.004929563441773969,81.756141875
results/infinite_zigzag_w2_warm_start.log,74,ITensorInfiniteMPS VUMPS,33,,8,,0.0030100453939547545,85.835278334
results/infinite_zigzag_w2_warm_start.log,75,ITensorInfiniteMPS VUMPS,34,,8,,0.0021685767614160116,77.940616042
results/infinite_zigzag_w2_warm_start.log,76,ITensorInfiniteMPS VUMPS,35,,8,,0.0016842489167005353,72.258346
results/infinite_zigzag_w2_warm_start.log,77,ITensorInfiniteMPS VUMPS,36,,8,,0.0013323206421769584,70.263145583
results/infinite_zigzag_w2_warm_start.log,78,ITensorInfiniteMPS VUMPS,37,,8,,0.0010685233659656224,78.497662125
results/infinite_zigzag_w2_warm_start.log,79,ITensorInfiniteMPS VUMPS,38,,8,,0.0010020132629264401,76.05908075
results/infinite_zigzag_w2_warm_start.log,80,ITensorInfiniteMPS VUMPS,39,,8,,0.0010467257071490714,69.23763725
results/infinite_zigzag_w2_warm_start.log,81,ITensorInfiniteMPS VUMPS,40,,8,,0.0011086224404142178,68.488489041
results/infinite_zigzag_w2_warm_start.log,83,ITensorInfiniteMPS VUMPS,1,,16,,0.05418762366956731,139.699676542
results/infinite_zigzag_w2_warm_start.log,84,ITensorInfiniteMPS VUMPS,2,,16,,0.08743530712032883,161.013604625
results/infinite_zigzag_w2_warm_start.log,85,ITensorInfiniteMPS VUMPS,3,,16,,0.11151119676476148,160.878707708
results/infinite_zigzag_w2_warm_start.log,86,ITensorInfiniteMPS VUMPS,4,,16,,0.05550791760119476,155.473823708
results/infinite_zigzag_w2_warm_start.log,87,ITensorInfiniteMPS VUMPS,5,,16,,0.019425758111674532,188.167792833
results/infinite_zigzag_w2_warm_start.log,88,ITensorInfiniteMPS VUMPS,6,,16,,0.01052867168716546,151.332523083
results/infinite_zigzag_w2_warm_start.log,89,ITensorInfiniteMPS VUMPS,7,,16,,0.008610633548662339,140.693079583
results/infinite_zigzag_w2_warm_start.log,90,ITensorInfiniteMPS VUMPS,8,,16,,0.004769587372286996,137.460836917
results/infinite_zigzag_w2_warm_start.log,91,ITensorInfiniteMPS VUMPS,9,,16,,0.002811833693954517,148.014073917
results/infinite_zigzag_w2_warm_start.log,92,ITensorInfiniteMPS VUMPS,10,,16,,0.0030821086467999535,140.077826417
results/infinite_zigzag_w2_warm_start.log,93,ITensorInfiniteMPS VUMPS,11,,16,,0.010853121217964319,103.611469333
results/infinite_zigzag_w2_warm_start.log,94,ITensorInfiniteMPS VUMPS,12,,16,,0.019332702328851408,90.573320833
results/infinite_zigzag_w2_warm_start.log,95,ITensorInfiniteMPS VUMPS,13,,16,,0.012739691969614407,87.458391834
results/infinite_zigzag_w2_warm_start.log,96,ITensorInfiniteMPS VUMPS,14,,16,,0.009088859101087565,86.498722834
results/infinite_zigzag_w2_warm_start.log,97,ITensorInfiniteMPS VUMPS,15,,16,,0.005138453429435625,84.726157375
results/multiple_seeds.log,1,ITensorMPS DMRG,1,-14.982630015294445,32,3.82e-05,,32.256
results/multiple_seeds.log,2,ITensorMPS DMRG,2,-15.017519345795403,32,9.61e-05,,4.364
results/multiple_seeds.log,3,ITensorMPS DMRG,3,-15.023449273207637,32,8.59e-05,,0.861
results/multiple_seeds.log,4,ITensorMPS DMRG,4,-15.024379398583056,32,7.28e-05,,0.999
results/multiple_seeds.log,5,ITensorMPS DMRG,5,-15.024752182185015,32,5.43e-05,,0.921
results/multiple_seeds.log,6,ITensorMPS DMRG,6,-15.025017346487362,32,4.8e-05,,1.403
results/multiple_seeds.log,7,ITensorMPS DMRG,7,-15.025205318039141,32,4.33e-05,,1.073
results/multiple_seeds.log,8,ITensorMPS DMRG,8,-15.025311684728358,32,4.82e-05,,0.979
results/multiple_seeds.log,9,ITensorMPS DMRG,1,-15.026584243222342,64,2.01e-06,,1.318
results/multiple_seeds.log,10,ITensorMPS DMRG,2,-15.02669970943924,64,3.82e-06,,1.446
results/multiple_seeds.log,11,ITensorMPS DMRG,3,-15.027033751967192,64,9.03e-06,,1.422
results/multiple_seeds.log,12,ITensorMPS DMRG,4,-15.028306848065675,64,2.45e-05,,1.334
results/multiple_seeds.log,13,ITensorMPS DMRG,5,-15.030376994697065,64,3.68e-05,,1.282
results/multiple_seeds.log,14,ITensorMPS DMRG,6,-15.031511063939323,64,4.39e-05,,1.266
results/multiple_seeds.log,15,ITensorMPS DMRG,7,-15.031906385585657,64,3.97e-05,,1.265
results/multiple_seeds.log,16,ITensorMPS DMRG,8,-15.03204463619684,64,3.58e-05,,1.266
results/multiple_seeds.log,17,ITensorMPS DMRG,1,-15.032828469562281,128,8.08e-07,,2.208
results/multiple_seeds.log,18,ITensorMPS DMRG,2,-15.032846659221018,128,2.69e-07,,2.652
results/multiple_seeds.log,19,ITensorMPS DMRG,3,-15.032850420528842,128,2.06e-07,,2.676
results/multiple_seeds.log,20,ITensorMPS DMRG,4,-15.03285135609861,128,1.97e-07,,2.695
results/multiple_seeds.log,21,ITensorMPS DMRG,5,-15.03285163438062,128,1.97e-07,,2.152
results/multiple_seeds.log,22,ITensorMPS DMRG,6,-15.03285173017579,128,1.97e-07,,1.933
results/multiple_seeds.log,23,ITensorMPS DMRG,7,-15.03285176723811,128,1.97e-07,,1.969
results/multiple_seeds.log,24,ITensorMPS DMRG,8,-15.03285178372851,128,1.96e-07,,2.043
results/multiple_seeds.log,25,ITensorMPS DMRG,1,-15.032857264425568,256,9.11e-09,,5.247
results/multiple_seeds.log,26,ITensorMPS DMRG,2,-15.032857293309105,256,2.58e-09,,6.27
results/multiple_seeds.log,27,ITensorMPS DMRG,3,-15.032857300017515,256,9.98e-10,,5.769
results/multiple_seeds.log,28,ITensorMPS DMRG,4,-15.032857299931274,256,3.57e-10,,5.329
results/multiple_seeds.log,29,ITensorMPS DMRG,5,-15.03285729981489,256,3.52e-10,,5.399
results/multiple_seeds.log,30,ITensorMPS DMRG,6,-15.032857299793042,256,3.52e-10,,5.522
results/multiple_seeds.log,31,ITensorMPS DMRG,7,-15.032857299807686,256,3.46e-10,,4.271
results/multiple_seeds.log,32,ITensorMPS DMRG,8,-15.032857299815088,256,3.46e-10,,3.91
results/multiple_seeds.log,33,ITensorMPS DMRG,1,-15.032857310544273,256,3.99e-10,,7.133
results/multiple_seeds.log,34,ITensorMPS DMRG,2,-15.032857310745944,256,4.01e-10,,6.57
results/multiple_seeds.log,35,ITensorMPS DMRG,3,-15.03285731080155,256,4.02e-10,,6.688
results/multiple_seeds.log,36,ITensorMPS DMRG,4,-15.03285731080293,256,4.02e-10,,7.151
results/multiple_seeds.log,37,ITensorMPS DMRG,5,-15.03285731081504,256,4.02e-10,,7.397
results/multiple_seeds.log,38,ITensorMPS DMRG,6,-15.032857310815118,256,4.02e-10,,7.259
results/multiple_seeds.log,39,ITensorMPS DMRG,1,-14.970311686927642,32,1.15e-05,,0.566
results/multiple_seeds.log,40,ITensorMPS DMRG,2,-14.975215286785886,32,3.08e-05,,0.726
results/multiple_seeds.log,41,ITensorMPS DMRG,3,-14.98977515313062,32,0.000101,,0.762
results/multiple_seeds.log,42,ITensorMPS DMRG,4,-14.99384722094618,32,6.48e-05,,0.745
results/multiple_seeds.log,43,ITensorMPS DMRG,5,-14.996871836286992,32,5.84e-05,,0.859
results/multiple_seeds.log,44,ITensorMPS DMRG,6,-15.005619520512184,32,9.1e-05,,0.796
results/multiple_seeds.log,45,ITensorMPS DMRG,7,-15.008359094932409,32,6.64e-05,,0.821
results/multiple_seeds.log,46,ITensorMPS DMRG,8,-15.008814080945196,32,5.75e-05,,0.817
results/multiple_seeds.log,47,ITensorMPS DMRG,1,-15.009857776386184,64,1.17e-06,,1.138
results/multiple_seeds.log,48,ITensorMPS DMRG,2,-15.009869768907901,64,1.14e-06,,1.185
results/multiple_seeds.log,49,ITensorMPS DMRG,3,-15.009871026965728,64,1.04e-06,,1.217
results/multiple_seeds.log,50,ITensorMPS DMRG,4,-15.009871310863772,64,1.04e-06,,1.138
results/multiple_seeds.log,51,ITensorMPS DMRG,5,-15.009871397076608,64,1.04e-06,,1.041
results/multiple_seeds.log,52,ITensorMPS DMRG,6,-15.009871432395006,64,1.04e-06,,1.043
results/multiple_seeds.log,53,ITensorMPS DMRG,7,-15.009871448990719,64,1.04e-06,,1.042
results/multiple_seeds.log,54,ITensorMPS DMRG,8,-15.009871457633878,64,1.04e-06,,1.132
results/multiple_seeds.log,55,ITensorMPS DMRG,1,-15.00988437798717,128,1.5e-08,,1.853
results/multiple_seeds.log,56,ITensorMPS DMRG,2,-15.009884439307916,128,1.03e-08,,2.078
results/multiple_seeds.log,57,ITensorMPS DMRG,3,-15.009884459475003,128,4.89e-09,,2.027
results/multiple_seeds.log,58,ITensorMPS DMRG,4,-15.0098844644189,128,2.57e-09,,1.684
results/multiple_seeds.log,59,ITensorMPS DMRG,5,-15.009884464543546,128,2.57e-09,,1.659
results/multiple_seeds.log,60,ITensorMPS DMRG,6,-15.00988446456639,128,2.56e-09,,1.564
results/multiple_seeds.log,61,ITensorMPS DMRG,7,-15.009884464647731,128,2.56e-09,,1.571
results/multiple_seeds.log,62,ITensorMPS DMRG,8,-15.009884464695718,128,2.56e-09,,1.598
results/multiple_seeds.log,63,ITensorMPS DMRG,1,-15.009884518948393,246,1e-10,,3.065
results/multiple_seeds.log,64,ITensorMPS DMRG,2,-15.009884517435507,216,9.98e-11,,2.654
results/multiple_seeds.log,65,ITensorMPS DMRG,3,-15.009884514653546,189,9.99e-11,,2.252
results/multiple_seeds.log,66,ITensorMPS DMRG,4,-15.009884511331572,173,9.96e-11,,2.263
results/multiple_seeds.log,67,ITensorMPS DMRG,5,-15.009884511133983,173,9.89e-11,,2.23
results/multiple_seeds.log,68,ITensorMPS DMRG,6,-15.009884511063785,173,9.99e-11,,2.468
results/multiple_seeds.log,69,ITensorMPS DMRG,7,-15.009884511067263,173,9.79e-11,,2.066
results/multiple_seeds.log,70,ITensorMPS DMRG,8,-15.009884511069645,173,9.79e-11,,2.028
results/multiple_seeds.log,71,ITensorMPS DMRG,1,-15.009884525866104,215,9.98e-12,,4.459
results/multiple_seeds.log,72,ITensorMPS DMRG,2,-15.009884526171714,216,9.98e-12,,4.35
results/multiple_seeds.log,73,ITensorMPS DMRG,3,-15.009884526180029,216,9.95e-12,,5.096
results/multiple_seeds.log,74,ITensorMPS DMRG,4,-15.009884526181018,216,9.97e-12,,5.073
results/multiple_seeds.log,75,ITensorMPS DMRG,5,-15.009884526181098,216,9.97e-12,,5.918
results/multiple_seeds.log,76,ITensorMPS DMRG,6,-15.009884526181192,216,9.97e-12,,4.618
results/multiple_seeds.log,77,ITensorMPS DMRG,1,-15.179813442006433,32,0.00057,,0.662
results/multiple_seeds.log,78,ITensorMPS DMRG,2,-15.241371077284352,32,0.00144,,0.879
results/multiple_seeds.log,79,ITensorMPS DMRG,3,-15.25154973366027,32,0.00154,,0.836
results/multiple_seeds.log,80,ITensorMPS DMRG,4,-15.25964451409039,32,0.00113,,0.82
results/multiple_seeds.log,81,ITensorMPS DMRG,5,-15.264923642311256,32,0.000654,,0.762
results/multiple_seeds.log,82,ITensorMPS DMRG,6,-15.270544847940776,32,0.00063,,0.789
results/multiple_seeds.log,83,ITensorMPS DMRG,7,-15.275031160832903,32,0.000582,,0.801
results/multiple_seeds.log,84,ITensorMPS DMRG,8,-15.27730414755713,32,0.00051,,0.861
results/multiple_seeds.log,85,ITensorMPS DMRG,1,-15.312338180021598,64,8.84e-05,,1.293
results/multiple_seeds.log,86,ITensorMPS DMRG,2,-15.330514868185606,64,0.0004,,1.435
results/multiple_seeds.log,87,ITensorMPS DMRG,3,-15.332006536121266,64,0.000563,,1.436
results/multiple_seeds.log,88,ITensorMPS DMRG,4,-15.33213189141538,64,0.00061,,1.344
results/multiple_seeds.log,89,ITensorMPS DMRG,5,-15.332142460955373,64,0.000625,,1.394
results/multiple_seeds.log,90,ITensorMPS DMRG,6,-15.332145595134456,64,0.000631,,1.316
results/multiple_seeds.log,91,ITensorMPS DMRG,7,-15.332148076753345,64,0.000632,,1.321
results/multiple_seeds.log,92,ITensorMPS DMRG,8,-15.332207275433131,64,0.00063,,1.296
results/multiple_seeds.log,93,ITensorMPS DMRG,1,-15.344218679186323,128,1.73e-05,,4.347
results/multiple_seeds.log,94,ITensorMPS DMRG,2,-15.344401659490169,128,2.27e-05,,3.522
results/multiple_seeds.log,95,ITensorMPS DMRG,3,-15.344404372580918,128,2.29e-05,,2.972
results/multiple_seeds.log,96,ITensorMPS DMRG,4,-15.344404686987092,128,2.29e-05,,2.656
results/multiple_seeds.log,97,ITensorMPS DMRG,5,-15.344404787759261,128,2.3e-05,,2.586
results/multiple_seeds.log,98,ITensorMPS DMRG,6,-15.344404894414769,128,2.3e-05,,2.818
results/multiple_seeds.log,99,ITensorMPS DMRG,7,-15.344405006545495,128,2.3e-05,,2.854
results/multiple_seeds.log,100,ITensorMPS DMRG,8,-15.344405123647137,128,2.3e-05,,2.877
results/multiple_seeds.log,101,ITensorMPS DMRG,1,-15.345267282488113,256,1.01e-06,,10.003
results/multiple_seeds.log,102,ITensorMPS DMRG,2,-15.345274060791365,256,7.96e-07,,11.875
results/multiple_seeds.log,103,ITensorMPS DMRG,3,-15.345274714762239,256,7.45e-07,,12.365
results/multiple_seeds.log,104,ITensorMPS DMRG,4,-15.345274752157389,256,7.39e-07,,10.706
results/multiple_seeds.log,105,ITensorMPS DMRG,5,-15.345274753145487,256,7.39e-07,,10.573
results/multiple_seeds.log,106,ITensorMPS DMRG,6,-15.345274753826885,256,7.39e-07,,10.442
results/multiple_seeds.log,107,ITensorMPS DMRG,7,-15.345274754258133,256,7.39e-07,,9.905
results/multiple_seeds.log,108,ITensorMPS DMRG,8,-15.345274754610127,256,7.39e-07,,9.45
results/multiple_seeds.log,109,ITensorMPS DMRG,1,-15.345274759168602,256,7.39e-07,,15.17
results/multiple_seeds.log,110,ITensorMPS DMRG,2,-15.345274759648545,256,7.39e-07,,14.795
results/multiple_seeds.log,111,ITensorMPS DMRG,3,-15.34527476011611,256,7.39e-07,,16.881
results/multiple_seeds.log,112,ITensorMPS DMRG,4,-15.345274760586358,256,7.39e-07,,14.643
results/multiple_seeds.log,113,ITensorMPS DMRG,5,-15.345274761060676,256,7.39e-07,,18.109
results/multiple_seeds.log,114,ITensorMPS DMRG,6,-15.345274761540455,256,7.39e-07,,18.334
results/multiple_seeds.log,115,ITensorMPS DMRG,1,-15.217893104861524,32,0.000315,,1.761
results/multiple_seeds.log,116,ITensorMPS DMRG,2,-15.261798366107458,32,0.000665,,1.706
results/multiple_seeds.log,117,ITensorMPS DMRG,3,-15.269648083367773,32,0.000714,,1.72
results/multiple_seeds.log,118,ITensorMPS DMRG,4,-15.274691161148102,32,0.000585,,1.558
results/multiple_seeds.log,119,ITensorMPS DMRG,5,-15.276853561516088,32,0.000588,,1.17
results/multiple_seeds.log,120,ITensorMPS DMRG,6,-15.277962050772551,32,0.000468,,1.107
results/multiple_seeds.log,121,ITensorMPS DMRG,7,-15.278268437153086,32,0.000402,,1.033
results/multiple_seeds.log,122,ITensorMPS DMRG,8,-15.278500023494235,32,0.00039,,1.407
results/multiple_seeds.log,123,ITensorMPS DMRG,1,-15.312559517188156,64,8.37e-05,,1.441
results/multiple_seeds.log,124,ITensorMPS DMRG,2,-15.330580180587065,64,0.000392,,1.589
results/multiple_seeds.log,125,ITensorMPS DMRG,3,-15.332001822652344,64,0.000553,,1.615
results/multiple_seeds.log,126,ITensorMPS DMRG,4,-15.332137227518448,64,0.000606,,1.557
results/multiple_seeds.log,127,ITensorMPS DMRG,5,-15.332156430842929,64,0.00062,,1.367
results/multiple_seeds.log,128,ITensorMPS DMRG,6,-15.332219016991615,64,0.000632,,1.248
results/multiple_seeds.log,129,ITensorMPS DMRG,7,-15.332270921629643,64,0.000639,,1.356
results/multiple_seeds.log,130,ITensorMPS DMRG,8,-15.33228771477184,64,0.000642,,1.279
results/multiple_seeds.log,131,ITensorMPS DMRG,1,-15.344242406289835,128,1.74e-05,,2.841
results/multiple_seeds.log,132,ITensorMPS DMRG,2,-15.344411162941771,128,2.19e-05,,3.283
results/multiple_seeds.log,133,ITensorMPS DMRG,3,-15.344414121547146,128,2.21e-05,,3.445
results/multiple_seeds.log,134,ITensorMPS DMRG,4,-15.34441464108454,128,2.21e-05,,3.23
results/multiple_seeds.log,135,ITensorMPS DMRG,5,-15.344415203499487,128,2.21e-05,,3.335
results/multiple_seeds.log,136,ITensorMPS DMRG,6,-15.344415945378048,128,2.21e-05,,3.268
results/multiple_seeds.log,137,ITensorMPS DMRG,7,-15.344416655196001,128,2.21e-05,,3.233
results/multiple_seeds.log,138,ITensorMPS DMRG,8,-15.344417397709517,128,2.21e-05,,3.591
results/multiple_seeds.log,139,ITensorMPS DMRG,1,-15.345267589040525,256,1e-06,,10.661
results/multiple_seeds.log,140,ITensorMPS DMRG,2,-15.345274259617636,256,7.98e-07,,13.579
results/multiple_seeds.log,141,ITensorMPS DMRG,3,-15.345274904950315,256,7.45e-07,,14.353
results/multiple_seeds.log,142,ITensorMPS DMRG,4,-15.345274945698767,256,7.39e-07,,12.567
results/multiple_seeds.log,143,ITensorMPS DMRG,5,-15.345274947698414,256,7.39e-07,,15.075
results/multiple_seeds.log,144,ITensorMPS DMRG,6,-15.345274949495579,256,7.39e-07,,15.194
results/multiple_seeds.log,145,ITensorMPS DMRG,7,-15.345274951435162,256,7.39e-07,,13.334
results/multiple_seeds.log,146,ITensorMPS DMRG,8,-15.345274953631678,256,7.39e-07,,17.533
results/multiple_seeds.log,147,ITensorMPS DMRG,1,-15.345274965686752,256,7.39e-07,,20.832
results/multiple_seeds.log,148,ITensorMPS DMRG,2,-15.345274969619721,256,7.39e-07,,17.572
results/multiple_seeds.log,149,ITensorMPS DMRG,3,-15.34527497158252,256,7.39e-07,,24.534
results/multiple_seeds.log,150,ITensorMPS DMRG,4,-15.345274973360228,256,7.39e-07,,19.559
results/multiple_seeds.log,151,ITensorMPS DMRG,5,-15.345274975114839,256,7.39e-07,,17.715
results/multiple_seeds.log,152,ITensorMPS DMRG,6,-15.34527497686739,256,7.39e-07,,18.494
results/ordered_batch.log,1,ITensorMPS DMRG,1,-42.635610151625855,32,0.00199,,60.341
results/ordered_batch.log,2,ITensorMPS DMRG,2,-43.374304464095964,32,0.00407,,6.049
results/ordered_batch.log,3,ITensorMPS DMRG,3,-43.643571976586124,32,0.00352,,4.753
results/ordered_batch.log,4,ITensorMPS DMRG,4,-43.74883755443321,32,0.00393,,4.425
results/ordered_batch.log,5,ITensorMPS DMRG,5,-43.78264659474387,32,0.00426,,3.217
results/ordered_batch.log,6,ITensorMPS DMRG,6,-43.79877619153,32,0.00439,,3.579
results/ordered_batch.log,7,ITensorMPS DMRG,7,-43.814857451549855,32,0.00466,,4.264
results/ordered_batch.log,8,ITensorMPS DMRG,8,-43.83386604944048,32,0.00492,,4.041
results/ordered_batch.log,9,ITensorMPS DMRG,1,-44.16286692999681,64,0.000311,,6.497
results/ordered_batch.log,10,ITensorMPS DMRG,2,-44.190833960595945,64,0.000653,,6.956
results/ordered_batch.log,11,ITensorMPS DMRG,3,-44.19467219493441,64,0.000883,,9.782
results/ordered_batch.log,12,ITensorMPS DMRG,4,-44.19583943555514,64,0.00115,,8.567
results/ordered_batch.log,13,ITensorMPS DMRG,5,-44.19644807759744,64,0.00125,,8.055
results/ordered_batch.log,14,ITensorMPS DMRG,6,-44.19697717561448,64,0.00127,,12.007
results/ordered_batch.log,15,ITensorMPS DMRG,7,-44.19785075139778,64,0.00127,,8.059
results/ordered_batch.log,16,ITensorMPS DMRG,8,-44.198411342993666,64,0.00127,,7.476
results/ordered_batch.log,17,ITensorMPS DMRG,1,-44.318684001615246,128,0.000156,,19.679
results/ordered_batch.log,18,ITensorMPS DMRG,2,-44.35046582815242,128,0.000412,,27.606
results/ordered_batch.log,19,ITensorMPS DMRG,3,-44.36043271649977,128,0.000483,,20.792
results/ordered_batch.log,20,ITensorMPS DMRG,4,-44.365983652242996,128,0.000547,,17.407
results/ordered_batch.log,21,ITensorMPS DMRG,5,-44.37334510717729,128,0.000573,,18.004
results/ordered_batch.log,22,ITensorMPS DMRG,6,-44.37862654324041,128,0.00061,,17.935
results/ordered_batch.log,23,ITensorMPS DMRG,7,-44.382713816132764,128,0.00064,,16.79
results/ordered_batch.log,24,ITensorMPS DMRG,8,-44.384139325069796,128,0.000716,,20.015
results/ordered_batch.log,25,ITensorMPS DMRG,1,-44.38502391841557,128,0.000708,,27.951
results/ordered_batch.log,26,ITensorMPS DMRG,2,-44.38521779889003,128,0.000697,,24.441
results/ordered_batch.log,27,ITensorMPS DMRG,3,-44.38538122206583,128,0.000698,,26.925
results/ordered_batch.log,28,ITensorMPS DMRG,4,-44.38546258180311,128,0.000696,,26.305
results/ordered_batch.log,29,ITensorMPS DMRG,5,-44.38574293840557,128,0.000693,,26.312
results/ordered_batch.log,30,ITensorMPS DMRG,6,-44.386244472224966,128,0.000709,,31.897
results/ordered_batch.log,31,ITensorMPS DMRG,1,-41.5793321984718,32,0.00231,,4.134
results/ordered_batch.log,32,ITensorMPS DMRG,2,-42.597840530099646,32,0.00999,,4.438
results/ordered_batch.log,33,ITensorMPS DMRG,3,-42.8374381941554,32,0.0104,,4.231
results/ordered_batch.log,34,ITensorMPS DMRG,4,-42.85396953778783,32,0.0104,,4.128
results/ordered_batch.log,35,ITensorMPS DMRG,5,-42.85852188783844,32,0.0105,,4.025
results/ordered_batch.log,36,ITensorMPS DMRG,6,-42.8607016349056,32,0.0105,,3.305
results/ordered_batch.log,37,ITensorMPS DMRG,7,-42.86222638997075,32,0.0105,,3.229
results/ordered_batch.log,38,ITensorMPS DMRG,8,-42.862784871488586,32,0.0105,,3.375
results/ordered_batch.log,39,ITensorMPS DMRG,1,-43.73884594191637,64,0.000122,,8.541
results/ordered_batch.log,40,ITensorMPS DMRG,2,-43.99344551791866,64,0.000328,,7.93
results/ordered_batch.log,41,ITensorMPS DMRG,3,-44.07701407592724,64,0.000361,,9.081
results/ordered_batch.log,42,ITensorMPS DMRG,4,-44.1049520168859,64,0.00036,,7.206
results/ordered_batch.log,43,ITensorMPS DMRG,5,-44.11131745495744,64,0.000366,,7.552
results/ordered_batch.log,44,ITensorMPS DMRG,6,-44.113398253693504,64,0.000428,,6.689
results/ordered_batch.log,45,ITensorMPS DMRG,7,-44.113476989338146,64,0.000434,,7.506
results/ordered_batch.log,46,ITensorMPS DMRG,8,-44.12665801242337,64,0.000436,,6.816
results/ordered_batch.log,47,ITensorMPS DMRG,1,-44.67485867644144,128,7.34e-05,,20.149
results/ordered_batch.log,48,ITensorMPS DMRG,2,-44.799138628643306,128,0.000149,,30.803
results/ordered_batch.log,49,ITensorMPS DMRG,3,-44.81800533221059,128,0.00018,,36.594
results/ordered_batch.log,50,ITensorMPS DMRG,4,-44.822986902563294,128,0.000195,,35.337
results/ordered_batch.log,51,ITensorMPS DMRG,5,-44.82688218171906,128,0.000203,,26.212
results/ordered_batch.log,52,ITensorMPS DMRG,6,-44.8414398951232,128,0.000214,,23.293
results/ordered_batch.log,53,ITensorMPS DMRG,7,-44.8569370885187,128,0.000228,,45.362
results/ordered_batch.log,54,ITensorMPS DMRG,8,-44.93063118664195,128,0.000225,,49.454
results/ordered_batch.log,55,ITensorMPS DMRG,1,-44.942467838226676,128,0.000255,,88.425
results/particle_hole_driver_regression.log,1,ITensorMPS DMRG,1,-8.037741644681384,248,9.98e-12,,54.564
results/particle_hole_driver_regression.log,2,ITensorMPS DMRG,2,-8.037741644619992,220,9.91e-12,,15.252
results/particle_hole_driver_regression.log,3,ITensorMPS DMRG,3,-8.037741644300864,198,9.9e-12,,7.61
results/particle_hole_driver_regression.log,4,ITensorMPS DMRG,4,-8.037741644288182,198,9.83e-12,,3.383
results/particle_hole_driver_regression.log,5,ITensorMPS DMRG,5,-8.037741644276721,198,9.82e-12,,5.719
results/particle_hole_driver_regression.log,6,ITensorMPS DMRG,6,-8.037741644276707,198,9.76e-12,,3.826
results/particle_hole_driver_regression.log,7,ITensorMPS DMRG,7,-8.037741644276698,198,9.76e-12,,6.549
results/particle_hole_driver_regression.log,8,ITensorMPS DMRG,8,-8.037741644276707,198,9.76e-12,,4.03
results/particle_hole_driver_regression.log,9,ITensorMPS DMRG,9,-8.037741644276696,198,9.76e-12,,5.419
results/particle_hole_driver_regression.log,10,ITensorMPS DMRG,10,-8.037741644276704,198,9.76e-12,,3.695
results/particle_hole_driver_regression.log,11,ITensorMPS DMRG,11,-8.03774164427672,198,9.76e-12,,3.936
results/particle_hole_driver_regression.log,12,ITensorMPS DMRG,12,-8.037741644276707,198,9.76e-12,,5.153
results/projected_L6_refinement.log,1,ITensorMPS DMRG,1,-22.378165542834093,512,6.47e-09,,132.11
results/projected_L6_refinement.log,2,ITensorMPS DMRG,2,-22.378191023473626,512,3.57e-09,,90.832
results/projected_L6_refinement.log,3,ITensorMPS DMRG,3,-22.378194633590365,512,2.27e-09,,88.568
results/projected_L6_refinement.log,4,ITensorMPS DMRG,4,-22.3781952280166,512,2.01e-09,,76.906
results/projected_L6_refinement.log,5,ITensorMPS DMRG,5,-22.378195327945644,512,1.93e-09,,92.245
results/projected_L6_refinement.log,6,ITensorMPS DMRG,6,-22.378195348042937,512,1.92e-09,,76.504
results/projected_L6_refinement.log,7,ITensorMPS DMRG,7,-22.378195352411332,512,1.92e-09,,75.053
results/projected_L6_refinement.log,8,ITensorMPS DMRG,8,-22.37819535351505,512,1.92e-09,,89.055
results/projected_L6_refinement.log,9,ITensorMPS DMRG,1,-22.378195353815517,512,1.92e-09,,77.18
results/projected_L6_refinement.log,10,ITensorMPS DMRG,2,-22.378195353910666,512,1.91e-09,,89.674
results/projected_L6_refinement.log,11,ITensorMPS DMRG,3,-22.378195353945358,512,1.91e-09,,91.816
results/projected_L6_refinement.log,12,ITensorMPS DMRG,4,-22.378195353959715,512,1.91e-09,,78.343
results/projected_L6_refinement.log,13,ITensorMPS DMRG,5,-22.37819535396627,512,1.91e-09,,114.583
results/projected_L6_refinement.log,14,ITensorMPS DMRG,6,-22.378195353969527,512,1.91e-09,,132.117
results/projected_L6_refinement.log,15,ITensorMPS DMRG,7,-22.378195353971257,512,1.91e-09,,79.052
results/projected_L6_refinement.log,16,ITensorMPS DMRG,8,-22.37819535397228,512,1.91e-09,,65.167
results/projected_zigzag.log,1,ITensorMPS DMRG,1,-14.983651673152416,32,0.000441,,8.063
results/projected_zigzag.log,2,ITensorMPS DMRG,2,-15.023478383488529,32,3.65e-05,,2.253
results/projected_zigzag.log,3,ITensorMPS DMRG,3,-15.025569961404361,32,3.47e-05,,1.355
results/projected_zigzag.log,4,ITensorMPS DMRG,4,-15.02559340764736,32,3.97e-05,,1.131
results/projected_zigzag.log,5,ITensorMPS DMRG,5,-15.025592112020101,32,5.1e-05,,1.105
results/projected_zigzag.log,6,ITensorMPS DMRG,6,-15.025595022426584,32,5.13e-05,,1.075
results/projected_zigzag.log,7,ITensorMPS DMRG,7,-15.025595244642737,32,5.13e-05,,1.056
results/projected_zigzag.log,8,ITensorMPS DMRG,8,-15.02559537773675,32,5.13e-05,,1.094
results/projected_zigzag.log,9,ITensorMPS DMRG,9,-15.025595470928078,32,5.13e-05,,1.077
results/projected_zigzag.log,10,ITensorMPS DMRG,10,-15.025595543965766,32,5.13e-05,,1.094
results/projected_zigzag.log,11,ITensorMPS DMRG,1,-15.026567736896638,64,1.01e-06,,1.565
results/projected_zigzag.log,12,ITensorMPS DMRG,2,-15.026578080071205,64,1.47e-06,,1.669
results/projected_zigzag.log,13,ITensorMPS DMRG,3,-15.026582935235911,64,1.57e-06,,2.116
results/projected_zigzag.log,14,ITensorMPS DMRG,4,-15.026586043827487,64,1.73e-06,,1.741
results/projected_zigzag.log,15,ITensorMPS DMRG,5,-15.026586427825844,64,1.74e-06,,1.63
results/projected_zigzag.log,16,ITensorMPS DMRG,6,-15.026586478123512,64,1.74e-06,,1.631
results/projected_zigzag.log,17,ITensorMPS DMRG,7,-15.02658648650462,64,1.74e-06,,1.896
results/projected_zigzag.log,18,ITensorMPS DMRG,8,-15.026586489182725,64,1.73e-06,,1.662
results/projected_zigzag.log,19,ITensorMPS DMRG,9,-15.026586490948612,64,1.73e-06,,1.744
results/projected_zigzag.log,20,ITensorMPS DMRG,10,-15.02658649261604,64,1.73e-06,,2.042
results/projected_zigzag.log,21,ITensorMPS DMRG,1,-15.026621281059569,128,8.83e-09,,2.853
results/projected_zigzag.log,22,ITensorMPS DMRG,2,-15.026622781713135,128,1.38e-08,,4.153
results/projected_zigzag.log,23,ITensorMPS DMRG,3,-15.026681241276385,128,3.66e-08,,3.395
results/projected_zigzag.log,24,ITensorMPS DMRG,4,-15.029071206823826,128,3.34e-07,,3.768
results/projected_zigzag.log,25,ITensorMPS DMRG,5,-15.032507102576835,128,5.26e-07,,3.509
results/projected_zigzag.log,26,ITensorMPS DMRG,6,-15.032831396479528,128,3.06e-07,,3.318
results/projected_zigzag.log,27,ITensorMPS DMRG,7,-15.032850336573993,128,2.18e-07,,3.786
results/projected_zigzag.log,28,ITensorMPS DMRG,8,-15.03285167692767,128,1.99e-07,,3.168
results/projected_zigzag.log,29,ITensorMPS DMRG,9,-15.032851796887545,128,1.99e-07,,2.819
results/projected_zigzag.log,30,ITensorMPS DMRG,10,-15.03285181064536,128,1.99e-07,,2.96
results/projected_zigzag.log,31,ITensorMPS DMRG,1,-15.03285731071922,256,3.55e-10,,8.029
results/projected_zigzag.log,32,ITensorMPS DMRG,2,-15.032857311617601,256,4.12e-10,,8.269
results/projected_zigzag.log,33,ITensorMPS DMRG,3,-15.032857311652148,256,4.12e-10,,8.19
results/projected_zigzag.log,34,ITensorMPS DMRG,4,-15.032857311656329,256,4.12e-10,,8.206
results/projected_zigzag.log,35,ITensorMPS DMRG,5,-15.032857311657235,256,4.12e-10,,8.402
results/projected_zigzag.log,36,ITensorMPS DMRG,6,-15.032857311657427,256,4.12e-10,,7.659
results/projected_zigzag.log,37,ITensorMPS DMRG,7,-15.032857311657562,256,4.12e-10,,8.545
results/projected_zigzag.log,38,ITensorMPS DMRG,8,-15.032857311657548,256,4.12e-10,,9.109
results/projected_zigzag.log,39,ITensorMPS DMRG,9,-15.032857311657585,256,4.12e-10,,8.774
results/projected_zigzag.log,40,ITensorMPS DMRG,10,-15.032857311657565,256,4.12e-10,,9.289
results/projected_zigzag.log,41,ITensorMPS DMRG,1,-15.032857321450004,430,9.99e-13,,15.31
results/projected_zigzag.log,42,ITensorMPS DMRG,2,-15.032857321461954,433,1e-12,,17.221
results/projected_zigzag.log,43,ITensorMPS DMRG,3,-15.032857321463855,433,9.98e-13,,17.337
results/projected_zigzag.log,44,ITensorMPS DMRG,4,-15.032857321463831,433,9.98e-13,,16.358
results/projected_zigzag.log,45,ITensorMPS DMRG,5,-15.032857321463862,433,9.98e-13,,13.636
results/projected_zigzag.log,46,ITensorMPS DMRG,6,-15.032857321463862,433,9.98e-13,,13.361
results/projected_zigzag.log,47,ITensorMPS DMRG,7,-15.032857321463863,433,9.98e-13,,13.606
results/projected_zigzag.log,48,ITensorMPS DMRG,8,-15.032857321463853,433,9.98e-13,,13.221
results/projected_zigzag.log,49,ITensorMPS DMRG,9,-15.03285732146379,433,9.98e-13,,14.325
results/projected_zigzag.log,50,ITensorMPS DMRG,10,-15.032857321463817,433,9.98e-13,,13.711
results/projected_zigzag.log,51,ITensorMPS DMRG,1,-22.30236825686094,32,0.000198,,1.384
results/projected_zigzag.log,52,ITensorMPS DMRG,2,-22.32961174541592,32,3.77e-05,,1.417
results/projected_zigzag.log,53,ITensorMPS DMRG,3,-22.34286576054077,32,7.01e-05,,1.48
results/projected_zigzag.log,54,ITensorMPS DMRG,4,-22.343605999847703,32,8.02e-05,,1.449
results/projected_zigzag.log,55,ITensorMPS DMRG,5,-22.3435972042341,32,8.14e-05,,1.603
results/projected_zigzag.log,56,ITensorMPS DMRG,6,-22.343607631321223,32,8.07e-05,,1.464
results/projected_zigzag.log,57,ITensorMPS DMRG,7,-22.343613766497832,32,7.97e-05,,1.423
results/projected_zigzag.log,58,ITensorMPS DMRG,8,-22.343619356968983,32,7.87e-05,,1.415
results/projected_zigzag.log,59,ITensorMPS DMRG,9,-22.343624620264357,32,7.76e-05,,1.384
results/projected_zigzag.log,60,ITensorMPS DMRG,10,-22.343629654962857,32,7.67e-05,,1.38
results/projected_zigzag.log,61,ITensorMPS DMRG,1,-22.345935703957263,64,1.13e-06,,2.232
results/projected_zigzag.log,62,ITensorMPS DMRG,2,-22.34600004005304,64,3.96e-06,,2.362
results/projected_zigzag.log,63,ITensorMPS DMRG,3,-22.346001287576055,64,4.4e-06,,2.286
results/projected_zigzag.log,64,ITensorMPS DMRG,4,-22.346001292162523,64,4.44e-06,,2.26
results/projected_zigzag.log,65,ITensorMPS DMRG,5,-22.346001327198532,64,4.44e-06,,2.369
results/projected_zigzag.log,66,ITensorMPS DMRG,6,-22.346001359006898,64,4.44e-06,,2.485
results/projected_zigzag.log,67,ITensorMPS DMRG,7,-22.346001386285018,64,4.45e-06,,2.489
results/projected_zigzag.log,68,ITensorMPS DMRG,8,-22.346001410628517,64,4.45e-06,,2.676
results/projected_zigzag.log,69,ITensorMPS DMRG,9,-22.346001431446343,64,4.45e-06,,2.368
results/projected_zigzag.log,70,ITensorMPS DMRG,10,-22.34600144784127,64,4.45e-06,,2.357
results/projected_zigzag.log,71,ITensorMPS DMRG,1,-22.346095640194747,128,3.73e-08,,4.208
results/projected_zigzag.log,72,ITensorMPS DMRG,2,-22.346095998003374,128,5.51e-08,,5.07
results/projected_zigzag.log,73,ITensorMPS DMRG,3,-22.346095997058054,128,5.57e-08,,4.886
results/projected_zigzag.log,74,ITensorMPS DMRG,4,-22.346095996956603,128,5.58e-08,,4.95
results/projected_zigzag.log,75,ITensorMPS DMRG,5,-22.346095996950492,128,5.58e-08,,4.978
results/projected_zigzag.log,76,ITensorMPS DMRG,6,-22.34609599695809,128,5.58e-08,,5.586
results/projected_zigzag.log,77,ITensorMPS DMRG,7,-22.34609599696527,128,5.58e-08,,5.004
results/projected_zigzag.log,78,ITensorMPS DMRG,8,-22.346095996971147,128,5.58e-08,,4.693
results/projected_zigzag.log,79,ITensorMPS DMRG,9,-22.346095996975972,128,5.58e-08,,4.896
results/projected_zigzag.log,80,ITensorMPS DMRG,10,-22.346095996980136,128,5.58e-08,,4.868
results/projected_zigzag.log,81,ITensorMPS DMRG,1,-22.346097183548558,256,1.74e-10,,11.941
results/projected_zigzag.log,82,ITensorMPS DMRG,2,-22.346097183854546,256,2.07e-10,,14.668
results/projected_zigzag.log,83,ITensorMPS DMRG,3,-22.34609718385609,256,2.07e-10,,15.204
results/projected_zigzag.log,84,ITensorMPS DMRG,4,-22.346097183863975,256,2.07e-10,,14.158
results/projected_zigzag.log,85,ITensorMPS DMRG,5,-22.34609718388712,256,2.07e-10,,16.097
results/projected_zigzag.log,86,ITensorMPS DMRG,6,-22.346097184058607,256,2.07e-10,,15.381
results/projected_zigzag.log,87,ITensorMPS DMRG,7,-22.34609718847143,256,2.07e-10,,16.606
results/projected_zigzag.log,88,ITensorMPS DMRG,8,-22.346098054023784,256,3.42e-10,,16.146
results/projected_zigzag.log,89,ITensorMPS DMRG,9,-22.347041418446473,256,5.82e-08,,19.555
results/projected_zigzag.log,90,ITensorMPS DMRG,10,-22.36669202152452,256,1.88e-07,,19.583
results/projected_zigzag.log,91,ITensorMPS DMRG,1,-22.36745959941995,512,3.73e-09,,76.951
results/projected_zigzag.log,92,ITensorMPS DMRG,2,-22.367622128849128,512,1.43e-09,,101.355
results/projected_zigzag.log,93,ITensorMPS DMRG,3,-22.367665497864117,512,3.59e-10,,122.935
results/projected_zigzag.log,94,ITensorMPS DMRG,4,-22.367790668218184,512,8.56e-10,,121.555
results/projected_zigzag.log,95,ITensorMPS DMRG,5,-22.371204776757896,512,8.9e-09,,130.876
results/projected_zigzag.log,96,ITensorMPS DMRG,6,-22.37481262176907,512,2.09e-08,,122.627
results/projected_zigzag.log,97,ITensorMPS DMRG,7,-22.375103110280268,512,4.26e-09,,119.337
results/projected_zigzag.log,98,ITensorMPS DMRG,8,-22.375909338009,512,1.85e-08,,98.936
results/projected_zigzag.log,99,ITensorMPS DMRG,9,-22.377417498414726,512,2.36e-08,,102.015
results/projected_zigzag.log,100,ITensorMPS DMRG,10,-22.37801737284202,512,1.18e-08,,109.995
results/projected_zigzag.log,101,ITensorMPS DMRG,1,-36.9337454115701,32,0.000365,,3.224
results/projected_zigzag.log,102,ITensorMPS DMRG,2,-37.01315933131696,32,9.51e-05,,3.312
results/projected_zigzag.log,103,ITensorMPS DMRG,3,-37.02499657920255,32,0.00011,,3.313
results/projected_zigzag.log,104,ITensorMPS DMRG,4,-37.02854076322744,32,0.000224,,3.397
results/projected_zigzag.log,105,ITensorMPS DMRG,5,-37.03085500354857,32,0.00041,,3.333
results/projected_zigzag.log,106,ITensorMPS DMRG,6,-37.0323493303937,32,0.000542,,3.288
results/projected_zigzag.log,107,ITensorMPS DMRG,7,-37.03335140261105,32,0.00056,,3.299
results/projected_zigzag.log,108,ITensorMPS DMRG,8,-37.03363915929747,32,0.000479,,3.396
results/projected_zigzag.log,109,ITensorMPS DMRG,9,-37.034086280020205,32,0.000429,,3.637
results/projected_zigzag.log,110,ITensorMPS DMRG,10,-37.03410284774211,32,0.000309,,3.494
results/projected_zigzag.log,111,ITensorMPS DMRG,1,-37.04522304943763,64,9.24e-06,,4.758
results/projected_zigzag.log,112,ITensorMPS DMRG,2,-37.04569235596603,64,1e-05,,5.62
results/projected_zigzag.log,113,ITensorMPS DMRG,3,-37.04571666510109,64,1.12e-05,,5.507
results/projected_zigzag.log,114,ITensorMPS DMRG,4,-37.04571527099947,64,1.15e-05,,5.788
results/projected_zigzag.log,115,ITensorMPS DMRG,5,-37.04571382432683,64,1.16e-05,,6.689
results/projected_zigzag.log,116,ITensorMPS DMRG,6,-37.04571313665801,64,1.16e-05,,5.838
results/projected_zigzag.log,117,ITensorMPS DMRG,7,-37.045713032841654,64,1.16e-05,,8.846
results/projected_zigzag.log,118,ITensorMPS DMRG,8,-37.045713858767094,64,1.16e-05,,8.256
results/projected_zigzag.log,119,ITensorMPS DMRG,9,-37.04571351393557,64,1.16e-05,,9.568
results/projected_zigzag.log,120,ITensorMPS DMRG,10,-37.04571337676347,64,1.16e-05,,8.803
results/projected_zigzag.log,121,ITensorMPS DMRG,1,-37.04670843297443,128,5.07e-07,,17.45
results/projected_zigzag.log,122,ITensorMPS DMRG,2,-37.046881259118315,128,1.18e-06,,12.149
results/projected_zigzag.log,123,ITensorMPS DMRG,3,-37.05160858784319,128,2.39e-06,,12.461
results/projected_zigzag.log,124,ITensorMPS DMRG,4,-37.053954324102975,128,1.23e-06,,12.835
results/projected_zigzag.log,125,ITensorMPS DMRG,5,-37.05401663380823,128,8.76e-07,,13.048
results/projected_zigzag.log,126,ITensorMPS DMRG,6,-37.0540206208634,128,8.68e-07,,11.95
results/projected_zigzag.log,127,ITensorMPS DMRG,7,-37.05402109305153,128,8.69e-07,,11.509
results/projected_zigzag.log,128,ITensorMPS DMRG,8,-37.054021207244155,128,8.7e-07,,11.68
results/projected_zigzag.log,129,ITensorMPS DMRG,9,-37.05402124006895,128,8.7e-07,,12.279
results/projected_zigzag.log,130,ITensorMPS DMRG,10,-37.05402125521378,128,8.7e-07,,12.453
results/projected_zigzag.log,131,ITensorMPS DMRG,1,-37.054082016793224,256,1.45e-08,,30.374
results/projected_zigzag.log,132,ITensorMPS DMRG,2,-37.054084171490786,256,2.74e-08,,38.186
results/projected_zigzag.log,133,ITensorMPS DMRG,3,-37.05408838081928,256,3.63e-08,,49.538
results/projected_zigzag.log,134,ITensorMPS DMRG,4,-37.05416647427195,256,6.82e-08,,43.211
results/projected_zigzag.log,135,ITensorMPS DMRG,5,-37.05640839026941,256,4.98e-07,,42.885
results/projected_zigzag.log,136,ITensorMPS DMRG,6,-37.05996745183501,256,8.45e-07,,41.411
results/projected_zigzag.log,137,ITensorMPS DMRG,7,-37.06305319930357,256,2.47e-06,,42.831
results/projected_zigzag.log,138,ITensorMPS DMRG,8,-37.06338282295091,256,2.7e-06,,37.325
results/projected_zigzag.log,139,ITensorMPS DMRG,9,-37.0634102544597,256,2.75e-06,,43.352
results/projected_zigzag.log,140,ITensorMPS DMRG,10,-37.06341412052664,256,2.72e-06,,46.643
results/projected_zigzag.log,141,ITensorMPS DMRG,1,-37.06357133486379,512,7.09e-08,,121.419
results/projected_zigzag.log,142,ITensorMPS DMRG,2,-37.06357503210746,512,1.51e-07,,159.955
results/projected_zigzag.log,143,ITensorMPS DMRG,3,-37.063575031069256,512,1.68e-07,,162.174
results/projected_zigzag.log,144,ITensorMPS DMRG,4,-37.06357500863923,512,1.73e-07,,152.617
results/projected_zigzag.log,145,ITensorMPS DMRG,5,-37.0635750003706,512,1.75e-07,,156.048
results/projected_zigzag.log,146,ITensorMPS DMRG,6,-37.06357499684898,512,1.75e-07,,165.298
results/projected_zigzag.log,147,ITensorMPS DMRG,7,-37.06357499450157,512,1.76e-07,,169.828
results/projected_zigzag.log,148,ITensorMPS DMRG,8,-37.063574992773255,512,1.76e-07,,157.638
results/projected_zigzag.log,149,ITensorMPS DMRG,9,-37.06357499153065,512,1.76e-07,,164.951
results/projected_zigzag.log,150,ITensorMPS DMRG,10,-37.06357499045735,512,1.76e-07,,156.969
results/refined_batch.log,1,ITensorMPS DMRG,1,-22.23186730088194,32,0.000805,,27.674
results/refined_batch.log,2,ITensorMPS DMRG,2,-22.266895213074665,32,0.00135,,0.936
results/refined_batch.log,3,ITensorMPS DMRG,3,-22.299926812126223,32,0.0014,,0.909
results/refined_batch.log,4,ITensorMPS DMRG,4,-22.33140640615825,32,0.00105,,1.096
results/refined_batch.log,5,ITensorMPS DMRG,5,-22.33735875185325,32,0.00119,,0.864
results/refined_batch.log,6,ITensorMPS DMRG,6,-22.341962058574452,32,0.00115,,0.898
results/refined_batch.log,7,ITensorMPS DMRG,7,-22.342828781655303,32,0.000725,,1.038
results/refined_batch.log,8,ITensorMPS DMRG,8,-22.34307109518334,32,0.000738,,1.025
results/refined_batch.log,9,ITensorMPS DMRG,1,-22.364083168376364,64,4.21e-05,,1.457
results/refined_batch.log,10,ITensorMPS DMRG,2,-22.364730347616117,64,0.000109,,1.575
results/refined_batch.log,11,ITensorMPS DMRG,3,-22.364799858345194,64,0.000131,,1.567
results/refined_batch.log,12,ITensorMPS DMRG,4,-22.364839265015018,64,0.000135,,1.441
results/refined_batch.log,13,ITensorMPS DMRG,5,-22.36486367709177,64,0.000135,,1.562
results/refined_batch.log,14,ITensorMPS DMRG,6,-22.364878890361556,64,0.000135,,1.488
results/refined_batch.log,15,ITensorMPS DMRG,7,-22.364889241704457,64,0.000135,,1.616
results/refined_batch.log,16,ITensorMPS DMRG,8,-22.364896666612267,64,0.000135,,1.435
results/refined_batch.log,17,ITensorMPS DMRG,1,-22.36690960447326,128,2.2e-06,,2.913
results/refined_batch.log,18,ITensorMPS DMRG,2,-22.367009713887672,128,4.83e-06,,4.227
results/refined_batch.log,19,ITensorMPS DMRG,3,-22.36702118476277,128,6.71e-06,,3.081
results/refined_batch.log,20,ITensorMPS DMRG,4,-22.367032385431813,128,7.97e-06,,2.714
results/refined_batch.log,21,ITensorMPS DMRG,5,-22.367073615288408,128,8.85e-06,,3.201
results/refined_batch.log,22,ITensorMPS DMRG,6,-22.367306977547244,128,9.91e-06,,3.425
results/refined_batch.log,23,ITensorMPS DMRG,7,-22.36918397819852,128,1.07e-05,,3.04
results/refined_batch.log,24,ITensorMPS DMRG,8,-22.373420538245128,128,1.09e-05,,3.54
results/refined_batch.log,25,ITensorMPS DMRG,1,-22.37476768476486,256,4.28e-07,,9.597
results/refined_batch.log,26,ITensorMPS DMRG,2,-22.374938628356404,256,4.08e-07,,11.272
results/refined_batch.log,27,ITensorMPS DMRG,3,-22.37496370253604,256,4.6e-07,,10.959
results/refined_batch.log,28,ITensorMPS DMRG,4,-22.374968031466125,256,5.09e-07,,8.54
results/refined_batch.log,29,ITensorMPS DMRG,5,-22.374968947001413,256,5.16e-07,,8.851
results/refined_batch.log,30,ITensorMPS DMRG,6,-22.37496918582352,256,5.13e-07,,8.152
results/refined_batch.log,31,ITensorMPS DMRG,7,-22.374969254127503,256,5.09e-07,,7.934
results/refined_batch.log,32,ITensorMPS DMRG,8,-22.374969277805274,256,5.07e-07,,9.28
results/refined_batch.log,33,ITensorMPS DMRG,1,-22.374969264823473,256,5.17e-07,,15.148
results/refined_batch.log,34,ITensorMPS DMRG,2,-22.37496926427235,256,5.19e-07,,15.782
results/refined_batch.log,35,ITensorMPS DMRG,3,-22.37496926468886,256,5.2e-07,,15.564
results/refined_batch.log,36,ITensorMPS DMRG,4,-22.374969265722275,256,5.2e-07,,15.425
results/refined_batch.log,37,ITensorMPS DMRG,5,-22.374969267425715,256,5.2e-07,,13.654
results/refined_batch.log,38,ITensorMPS DMRG,6,-22.374969269818568,256,5.2e-07,,13.365
results/refined_batch.log,39,ITensorMPS DMRG,1,-39.16473487287621,32,0.01,,2.029
results/refined_batch.log,40,ITensorMPS DMRG,2,-41.03597537333539,32,0.0213,,2.835
results/refined_batch.log,41,ITensorMPS DMRG,3,-41.33883556531795,32,0.0226,,2.898
results/refined_batch.log,42,ITensorMPS DMRG,4,-41.43552157431973,32,0.0236,,2.87
results/refined_batch.log,43,ITensorMPS DMRG,5,-41.48771973414082,32,0.0241,,3.27
results/refined_batch.log,44,ITensorMPS DMRG,6,-41.519889760710235,32,0.0248,,5.439
results/refined_batch.log,45,ITensorMPS DMRG,7,-41.53669556200609,32,0.0232,,2.452
results/refined_batch.log,46,ITensorMPS DMRG,8,-41.547118919162436,32,0.0227,,2.269
results/refined_batch.log,47,ITensorMPS DMRG,1,-42.7678775383108,64,0.00126,,5.363
results/refined_batch.log,48,ITensorMPS DMRG,2,-42.950973042767544,64,0.00331,,7.105
results/refined_batch.log,49,ITensorMPS DMRG,3,-42.992235054933275,64,0.00385,,7.374
results/refined_batch.log,50,ITensorMPS DMRG,4,-43.01822296444122,64,0.00402,,7.13
results/refined_batch.log,51,ITensorMPS DMRG,5,-43.034523636662904,64,0.00381,,4.64
results/refined_batch.log,52,ITensorMPS DMRG,6,-43.04498903514299,64,0.00353,,5.13
results/refined_batch.log,53,ITensorMPS DMRG,7,-43.05238932877375,64,0.00339,,5.974
results/refined_batch.log,54,ITensorMPS DMRG,8,-43.0584310533857,64,0.00323,,7.415
results/refined_batch.log,55,ITensorMPS DMRG,1,-43.75857770016021,128,0.000831,,13.733
results/refined_batch.log,56,ITensorMPS DMRG,2,-43.8284859726713,128,0.00155,,18.377
results/refined_batch.log,57,ITensorMPS DMRG,3,-43.84205812156206,128,0.00166,,16.675
results/refined_batch.log,58,ITensorMPS DMRG,4,-43.848513334640344,128,0.00166,,18.57
results/refined_batch.log,59,ITensorMPS DMRG,5,-43.853867722976524,128,0.0017,,25.35
results/refined_batch.log,60,ITensorMPS DMRG,6,-43.857220156692186,128,0.00169,,31.84
results/refined_batch.log,61,ITensorMPS DMRG,7,-43.86096974030231,128,0.00169,,24.404
results/refined_batch.log,62,ITensorMPS DMRG,8,-43.864175671029955,128,0.00171,,17.934
results/refined_batch.log,63,ITensorMPS DMRG,1,-44.23321184846841,256,0.000721,,65.25
results/refined_batch.log,64,ITensorMPS DMRG,2,-44.25332758047468,256,0.00113,,121.257
results/refined_batch.log,65,ITensorMPS DMRG,3,-44.257116097202875,256,0.00118,,129.855
results/refined_batch.log,66,ITensorMPS DMRG,4,-44.259671796178765,256,0.00119,,114.668
results/refined_batch.log,67,ITensorMPS DMRG,5,-44.26186552753807,256,0.00119,,122.886
results/refined_batch.log,68,ITensorMPS DMRG,6,-44.26402120372301,256,0.00119,,137.6
results/resume_finite.log,2,ITensorMPS DMRG,1,-44.43623803393668,256,4.21e-05,,50.389
results/resume_finite.log,3,ITensorMPS DMRG,2,-44.45570268401438,256,0.000132,,52.482
results/resume_finite.log,4,ITensorMPS DMRG,3,-44.46386315726686,256,0.000193,,55.653
results/resume_finite.log,5,ITensorMPS DMRG,4,-44.46927837663973,256,0.000224,,65.498
results/resume_finite.log,6,ITensorMPS DMRG,5,-44.47386854574583,256,0.000319,,81.247
results/resume_finite.log,7,ITensorMPS DMRG,6,-44.47723574583401,256,0.000375,,68.13
results/resume_finite.log,8,ITensorMPS DMRG,7,-44.48161109643447,256,0.000375,,60.102
results/resume_finite.log,9,ITensorMPS DMRG,8,-44.48487830205448,256,0.000334,,60.01
results/resume_finite.log,10,ITensorMPS DMRG,1,-44.485985165903124,256,0.000324,,68.039
results/resume_finite.log,11,ITensorMPS DMRG,2,-44.486141051564836,256,0.000323,,66.354
results/resume_finite.log,12,ITensorMPS DMRG,3,-44.486159828308296,256,0.000325,,64.932
results/resume_finite.log,13,ITensorMPS DMRG,4,-44.486162222310014,256,0.000326,,76.676
results/resume_finite.log,14,ITensorMPS DMRG,5,-44.48616106276606,256,0.000327,,79.508
results/resume_finite.log,15,ITensorMPS DMRG,6,-44.48617568429476,256,0.00033,,87.175
results/resume_finite.log,16,ITensorMPS DMRG,7,-44.486534497678385,256,0.000336,,64.699
results/resume_finite.log,17,ITensorMPS DMRG,8,-44.486723744966305,256,0.000349,,69.319
results/resume_finite.log,18,ITensorMPS DMRG,1,-45.03646235063468,256,1.53e-05,,85.446
results/resume_finite.log,19,ITensorMPS DMRG,2,-45.06019765800126,256,7.89e-05,,91.125
results/resume_finite.log,20,ITensorMPS DMRG,3,-45.068715166443525,256,8.8e-05,,90.141
results/resume_finite.log,21,ITensorMPS DMRG,4,-45.07271891960253,256,9.6e-05,,91.824
results/resume_finite.log,22,ITensorMPS DMRG,5,-45.07839605657626,256,9.69e-05,,885.887
results/resume_finite.log,23,ITensorMPS DMRG,6,-45.081809073857684,256,8.66e-05,,61.102
results/resume_finite.log,24,ITensorMPS DMRG,7,-45.08297606002782,256,8.66e-05,,60.35
results/resume_finite.log,25,ITensorMPS DMRG,8,-45.08371505532315,256,8.75e-05,,61.242
results/resume_finite.log,26,ITensorMPS DMRG,1,-45.08398411061309,256,8.87e-05,,66.879
results/resume_finite.log,27,ITensorMPS DMRG,2,-45.08444313755247,256,9e-05,,67.282
results/resume_finite.log,28,ITensorMPS DMRG,3,-45.08518057097755,256,9.29e-05,,66.928
results/resume_finite.log,29,ITensorMPS DMRG,4,-45.085721014988266,256,9.39e-05,,87.804
results/resume_finite.log,30,ITensorMPS DMRG,5,-45.08600413040189,256,9.31e-05,,72.589
results/resume_finite.log,31,ITensorMPS DMRG,6,-45.08608381483484,256,9.21e-05,,69.628
results/resume_finite.log,32,ITensorMPS DMRG,7,-45.08615159564383,256,9.11e-05,,75.453
results/resume_finite.log,33,ITensorMPS DMRG,8,-45.0862991430442,256,9.12e-05,,92.006
results/resume_finite.log,34,ITensorMPS DMRG,1,-15.01549563119349,32,2.36e-05,,3.274
results/resume_finite.log,35,ITensorMPS DMRG,2,-15.024254997911838,32,4.47e-05,,0.728
results/resume_finite.log,36,ITensorMPS DMRG,3,-15.02455481491937,32,9.21e-05,,0.915
results/resume_finite.log,37,ITensorMPS DMRG,4,-15.024706617190137,32,8.55e-05,,0.858
results/resume_finite.log,38,ITensorMPS DMRG,5,-15.024850736530635,32,7.53e-05,,0.816
results/resume_finite.log,39,ITensorMPS DMRG,6,-15.024938315593367,32,6.74e-05,,0.83
results/resume_finite.log,40,ITensorMPS DMRG,7,-15.025012614897161,32,5.98e-05,,0.695
results/resume_finite.log,41,ITensorMPS DMRG,8,-15.025139067859637,32,5.03e-05,,0.876
results/resume_finite.log,42,ITensorMPS DMRG,1,-15.026578187196339,64,1.77e-06,,1.767
results/resume_finite.log,43,ITensorMPS DMRG,2,-15.026936848186043,64,4.52e-06,,1.456
results/resume_finite.log,44,ITensorMPS DMRG,3,-15.027918603643975,64,1.6e-05,,1.162
results/resume_finite.log,45,ITensorMPS DMRG,4,-15.029627675064859,64,3.05e-05,,1.333
results/resume_finite.log,46,ITensorMPS DMRG,5,-15.031103866608035,64,3.77e-05,,1.088
results/resume_finite.log,47,ITensorMPS DMRG,6,-15.031766241059657,64,3.49e-05,,1.849
results/resume_finite.log,48,ITensorMPS DMRG,7,-15.032010222680675,64,3.26e-05,,1.458
results/resume_finite.log,49,ITensorMPS DMRG,8,-15.032087319216199,64,3.22e-05,,1.431
results/resume_finite.log,50,ITensorMPS DMRG,1,-15.03283391638155,128,7.95e-07,,2.594
results/resume_finite.log,51,ITensorMPS DMRG,2,-15.032847878524098,128,2.65e-07,,3.406
results/resume_finite.log,52,ITensorMPS DMRG,3,-15.032850699701395,128,2.07e-07,,2.548
results/resume_finite.log,53,ITensorMPS DMRG,4,-15.03285142847609,128,1.98e-07,,2.203
results/resume_finite.log,54,ITensorMPS DMRG,5,-15.032851655239003,128,1.98e-07,,2.326
results/resume_finite.log,55,ITensorMPS DMRG,6,-15.03285173572766,128,1.98e-07,,1.946
results/resume_finite.log,56,ITensorMPS DMRG,7,-15.032851767960905,128,1.97e-07,,2.297
results/resume_finite.log,57,ITensorMPS DMRG,8,-15.032851783399673,128,1.97e-07,,2.191
results/resume_finite.log,58,ITensorMPS DMRG,1,-15.032857264354405,256,9.1e-09,,8.907
results/resume_finite.log,59,ITensorMPS DMRG,2,-15.032857292894342,256,2.58e-09,,10.058
results/resume_finite.log,60,ITensorMPS DMRG,3,-15.032857299939549,256,9.97e-10,,6.236
results/resume_finite.log,61,ITensorMPS DMRG,4,-15.032857300016758,256,3.59e-10,,5.425
results/resume_finite.log,62,ITensorMPS DMRG,5,-15.032857299842739,256,3.53e-10,,5.297
results/resume_finite.log,63,ITensorMPS DMRG,6,-15.032857299737744,256,3.52e-10,,4.337
results/resume_finite.log,64,ITensorMPS DMRG,7,-15.032857299718865,256,3.46e-10,,4.428
results/resume_finite.log,65,ITensorMPS DMRG,8,-15.032857299730349,256,3.46e-10,,4.301
results/resume_finite.log,66,ITensorMPS DMRG,1,-15.032857310543454,256,3.99e-10,,6.873
results/resume_finite.log,67,ITensorMPS DMRG,2,-15.032857310745724,256,4.01e-10,,6.659
results/resume_finite.log,68,ITensorMPS DMRG,3,-15.032857310801518,256,4.02e-10,,7.217
results/resume_finite.log,69,ITensorMPS DMRG,4,-15.032857310802923,256,4.02e-10,,7.359
results/resume_finite.log,70,ITensorMPS DMRG,5,-15.032857310815027,256,4.02e-10,,8.15
results/resume_finite.log,71,ITensorMPS DMRG,6,-15.032857310815137,256,4.02e-10,,9.724
results/resume_finite.log,72,ITensorMPS DMRG,1,-15.22493901234165,32,0.000236,,1.958
results/resume_finite.log,73,ITensorMPS DMRG,2,-15.25814030970429,32,0.000708,,1.292
results/resume_finite.log,74,ITensorMPS DMRG,3,-15.260182593381087,32,0.00118,,0.986
results/resume_finite.log,75,ITensorMPS DMRG,4,-15.261653966584536,32,0.00128,,1.13
results/resume_finite.log,76,ITensorMPS DMRG,5,-15.264570075492092,32,0.00124,,1.517
results/resume_finite.log,77,ITensorMPS DMRG,6,-15.269932861119642,32,0.000947,,1.2
results/resume_finite.log,78,ITensorMPS DMRG,7,-15.275043196984438,32,0.000588,,1.282
results/resume_finite.log,79,ITensorMPS DMRG,8,-15.27716092072247,32,0.000577,,1.084
results/resume_finite.log,80,ITensorMPS DMRG,1,-15.311997883078536,64,9.45e-05,,2.642
results/resume_finite.log,81,ITensorMPS DMRG,2,-15.33024031994967,64,0.000414,,2.139
results/resume_finite.log,82,ITensorMPS DMRG,3,-15.332006337738646,64,0.000574,,1.857
results/resume_finite.log,83,ITensorMPS DMRG,4,-15.33214041292618,64,0.000613,,1.441
results/resume_finite.log,84,ITensorMPS DMRG,5,-15.332148116149266,64,0.000626,,1.307
results/resume_finite.log,85,ITensorMPS DMRG,6,-15.332147785498584,64,0.000632,,1.312
results/resume_finite.log,86,ITensorMPS DMRG,7,-15.332147973591816,64,0.000637,,1.595
results/resume_finite.log,87,ITensorMPS DMRG,8,-15.332175436320433,64,0.000642,,2.853
results/resume_finite.log,88,ITensorMPS DMRG,1,-15.344238494950925,128,1.74e-05,,4.84
results/resume_finite.log,89,ITensorMPS DMRG,2,-15.344406954500368,128,2.24e-05,,5.215
results/resume_finite.log,90,ITensorMPS DMRG,3,-15.344409637889807,128,2.27e-05,,4.445
results/resume_finite.log,91,ITensorMPS DMRG,4,-15.344409998133218,128,2.27e-05,,4.035
results/resume_finite.log,92,ITensorMPS DMRG,5,-15.344410387692752,128,2.27e-05,,3.896
results/resume_finite.log,93,ITensorMPS DMRG,6,-15.344410803833593,128,2.27e-05,,3.753
results/resume_finite.log,94,ITensorMPS DMRG,7,-15.344411243786501,128,2.27e-05,,3.747
results/resume_finite.log,95,ITensorMPS DMRG,8,-15.344411706623168,128,2.27e-05,,7.957
results/resume_finite.log,96,ITensorMPS DMRG,1,-15.345267559563,256,1e-06,,18.544
results/resume_finite.log,97,ITensorMPS DMRG,2,-15.345274241952275,256,7.92e-07,,16.139
results/resume_finite.log,98,ITensorMPS DMRG,3,-15.345274877969034,256,7.46e-07,,10.029
results/resume_finite.log,99,ITensorMPS DMRG,4,-15.345274915894015,256,7.4e-07,,10.248
results/resume_finite.log,100,ITensorMPS DMRG,5,-15.345274917646815,256,7.4e-07,,9.052
results/resume_finite.log,101,ITensorMPS DMRG,6,-15.345274918757255,256,7.4e-07,,10.659
results/resume_finite.log,102,ITensorMPS DMRG,7,-15.345274919859895,256,7.4e-07,,9.177
results/resume_finite.log,103,ITensorMPS DMRG,8,-15.345274921066169,256,7.4e-07,,8.131
results/resume_finite.log,104,ITensorMPS DMRG,1,-15.345274927191015,256,7.4e-07,,13.611
results/resume_finite.log,105,ITensorMPS DMRG,2,-15.345274934102866,256,7.4e-07,,11.763
results/resume_finite.log,106,ITensorMPS DMRG,3,-15.345274937964819,256,7.4e-07,,12.957
results/resume_finite.log,107,ITensorMPS DMRG,4,-15.345274939406057,256,7.4e-07,,14.938
results/resume_finite.log,108,ITensorMPS DMRG,5,-15.345274940589073,256,7.4e-07,,17.452
results/resume_finite.log,109,ITensorMPS DMRG,6,-15.345274941738161,256,7.4e-07,,17.973
results/resume_finite.log,110,ITensorMPS DMRG,1,-28.79189663646958,32,0.00203,,2.407
results/resume_finite.log,111,ITensorMPS DMRG,2,-29.21105254082238,32,0.00425,,3.434
results/resume_finite.log,112,ITensorMPS DMRG,3,-29.38966292969934,32,0.00471,,2.487
results/resume_finite.log,113,ITensorMPS DMRG,4,-29.44810311167316,32,0.00547,,1.756
results/resume_finite.log,114,ITensorMPS DMRG,5,-29.48860196711045,32,0.00561,,1.863
results/resume_finite.log,115,ITensorMPS DMRG,6,-29.52298704209301,32,0.00605,,1.673
results/resume_finite.log,116,ITensorMPS DMRG,7,-29.528333424828297,32,0.0052,,1.599
results/resume_finite.log,117,ITensorMPS DMRG,8,-29.529316749498413,32,0.00517,,1.355
results/resume_finite.log,118,ITensorMPS DMRG,1,-29.708540500010383,64,0.000368,,2.456
results/resume_finite.log,119,ITensorMPS DMRG,2,-29.72583428165924,64,0.00058,,2.488
results/resume_finite.log,120,ITensorMPS DMRG,3,-29.72731067755754,64,0.000703,,3.315
results/resume_finite.log,121,ITensorMPS DMRG,4,-29.7280616808605,64,0.000824,,2.71
results/resume_finite.log,122,ITensorMPS DMRG,5,-29.728360248555287,64,0.000883,,2.543
results/resume_finite.log,123,ITensorMPS DMRG,6,-29.728698714314945,64,0.000937,,3.584
results/resume_finite.log,124,ITensorMPS DMRG,7,-29.729050495677182,64,0.000971,,2.74
results/resume_finite.log,125,ITensorMPS DMRG,8,-29.72930701662622,64,0.00101,,3.17
results/resume_finite.log,126,ITensorMPS DMRG,1,-29.80458211308641,128,0.000197,,7.235
results/resume_finite.log,127,ITensorMPS DMRG,2,-29.822070050008353,128,0.000486,,7.587
results/resume_finite.log,128,ITensorMPS DMRG,3,-29.825727588637797,128,0.000554,,8.754
results/resume_finite.log,129,ITensorMPS DMRG,4,-29.82930825138992,128,0.000707,,6.348
results/resume_finite.log,130,ITensorMPS DMRG,5,-29.832230751510963,128,0.000757,,5.951
results/resume_finite.log,131,ITensorMPS DMRG,6,-29.83631345201751,128,0.000832,,5.827
results/resume_finite.log,132,ITensorMPS DMRG,7,-29.839011021815924,128,0.000851,,5.92
results/resume_finite.log,133,ITensorMPS DMRG,8,-29.84050817132548,128,0.000866,,5.907
results/resume_finite.log,134,ITensorMPS DMRG,1,-29.882030667096263,256,0.00011,,17.357
results/resume_finite.log,135,ITensorMPS DMRG,2,-29.89625861004243,256,0.000274,,23.168
results/resume_finite.log,136,ITensorMPS DMRG,3,-29.900863979166665,256,0.000363,,22.755
results/resume_finite.log,137,ITensorMPS DMRG,4,-29.90190021541566,256,0.000386,,27.605
results/resume_finite.log,138,ITensorMPS DMRG,5,-29.902614158994623,256,0.000412,,38.426
results/resume_finite.log,139,ITensorMPS DMRG,6,-29.902972036752764,256,0.000415,,33.895
results/resume_finite.log,140,ITensorMPS DMRG,7,-29.903260159594026,256,0.00042,,27.804
results/resume_finite.log,141,ITensorMPS DMRG,8,-29.903771333919554,256,0.000414,,26.947
results/resume_finite.log,142,ITensorMPS DMRG,1,-29.904014305994824,256,0.000423,,52.713
results/resume_finite.log,143,ITensorMPS DMRG,2,-29.904082987339233,256,0.000422,,49.353
results/resume_finite.log,144,ITensorMPS DMRG,3,-29.90423067691784,256,0.000426,,50.59
results/resume_finite.log,145,ITensorMPS DMRG,4,-29.904278851101594,256,0.000431,,39.028
results/resume_finite.log,146,ITensorMPS DMRG,5,-29.90428609407364,256,0.000429,,40.144
results/resume_finite.log,147,ITensorMPS DMRG,6,-29.90430662518436,256,0.000427,,44.579
results/resume_finite.log,148,ITensorMPS DMRG,1,-28.224663346468255,32,0.00168,,1.562
results/resume_finite.log,149,ITensorMPS DMRG,2,-28.84698713206669,32,0.00354,,1.559
results/resume_finite.log,150,ITensorMPS DMRG,3,-28.9416297614012,32,0.0111,,1.613
results/resume_finite.log,151,ITensorMPS DMRG,4,-29.066890832067315,32,0.0111,,1.459
results/resume_finite.log,152,ITensorMPS DMRG,5,-29.074352325367023,32,0.0109,,1.751
results/resume_finite.log,153,ITensorMPS DMRG,6,-29.07615711006936,32,0.0109,,1.87
results/resume_finite.log,154,ITensorMPS DMRG,7,-29.078809107503844,32,0.0109,,1.642
results/resume_finite.log,155,ITensorMPS DMRG,8,-29.085366111730544,32,0.0109,,1.829
results/resume_finite.log,156,ITensorMPS DMRG,1,-29.750452854820782,64,0.000122,,3.344
results/resume_finite.log,157,ITensorMPS DMRG,2,-29.77735466267105,64,0.000315,,4.281
results/resume_finite.log,158,ITensorMPS DMRG,3,-29.78461989032109,64,0.000524,,3.095
results/resume_finite.log,159,ITensorMPS DMRG,4,-29.79128774028385,64,0.000548,,2.644
results/resume_finite.log,160,ITensorMPS DMRG,5,-29.793338067667868,64,0.000582,,2.59
results/resume_finite.log,161,ITensorMPS DMRG,6,-29.794230423915888,64,0.00057,,2.547
results/resume_finite.log,162,ITensorMPS DMRG,7,-29.794235327630606,64,0.00057,,2.554
results/resume_finite.log,163,ITensorMPS DMRG,8,-29.794245264768943,64,0.000571,,2.546
results/resume_finite.log,164,ITensorMPS DMRG,1,-30.125172034351046,128,0.000103,,8.805
results/resume_finite.log,165,ITensorMPS DMRG,2,-30.181057539813537,128,0.000194,,12.583
results/resume_finite.log,166,ITensorMPS DMRG,3,-30.212644088267503,128,0.000219,,15.262
results/resume_finite.log,167,ITensorMPS DMRG,4,-30.231599590143293,128,0.000226,,11.1
results/resume_finite.log,168,ITensorMPS DMRG,5,-30.26650748946598,128,0.000269,,14.505
results/resume_finite.log,169,ITensorMPS DMRG,6,-30.27538617858606,128,0.000304,,17.918
results/resume_finite.log,170,ITensorMPS DMRG,7,-30.288317171515093,128,0.000336,,18.673
results/resume_finite.log,171,ITensorMPS DMRG,8,-30.295821111075554,128,0.000356,,20.616
results/resume_finite.log,172,ITensorMPS DMRG,1,-30.501903440000454,256,4.6e-05,,83.299
results/resume_finite.log,173,ITensorMPS DMRG,2,-30.519760324106073,256,9.37e-05,,57.4
results/resume_finite.log,174,ITensorMPS DMRG,3,-30.522100147585718,256,0.000111,,64.773
results/resume_finite.log,175,ITensorMPS DMRG,4,-30.524131391346863,256,0.000119,,65.637
results/resume_finite.log,176,ITensorMPS DMRG,5,-30.526445929327302,256,0.000123,,42.497
results/resume_finite.log,177,ITensorMPS DMRG,6,-30.528693322662175,256,0.000138,,43.603
results/resume_finite.log,178,ITensorMPS DMRG,7,-30.530416445572715,256,0.000149,,34.059
results/resume_finite.log,179,ITensorMPS DMRG,8,-30.531312608403084,256,0.000156,,40.304
results/resume_finite.log,180,ITensorMPS DMRG,1,-30.532161278614076,256,0.000156,,59.272
results/resume_finite.log,181,ITensorMPS DMRG,2,-30.53301799150907,256,0.000158,,53.106
results/resume_finite.log,182,ITensorMPS DMRG,3,-30.533498664321968,256,0.00016,,39.8
results/resume_finite.log,183,ITensorMPS DMRG,4,-30.533805235429,256,0.000161,,32.436
results/resume_finite.log,184,ITensorMPS DMRG,5,-30.534120164390366,256,0.000162,,32.214
results/resume_finite.log,185,ITensorMPS DMRG,6,-30.53419069041318,256,0.000162,,32.131
results/resume_finite.log,186,ITensorMPS DMRG,1,-41.3788477541459,32,0.000963,,1.358
results/resume_finite.log,187,ITensorMPS DMRG,2,-42.48095805495521,32,0.00313,,1.609
results/resume_finite.log,188,ITensorMPS DMRG,3,-42.5260311336451,32,0.00235,,1.959
results/resume_finite.log,189,ITensorMPS DMRG,4,-42.542074391094225,32,0.00265,,1.525
results/resume_finite.log,190,ITensorMPS DMRG,5,-42.550393460670094,32,0.00263,,1.503
results/resume_finite.log,191,ITensorMPS DMRG,6,-42.562426361015824,32,0.00346,,1.509
results/resume_finite.log,192,ITensorMPS DMRG,7,-42.5745862746326,32,0.00319,,1.474
results/resume_finite.log,193,ITensorMPS DMRG,8,-42.62728634196734,32,0.00354,,1.53
results/resume_finite.log,194,ITensorMPS DMRG,1,-43.206851400367725,64,0.000439,,2.769
results/resume_finite.log,195,ITensorMPS DMRG,2,-43.528989144124935,64,0.00094,,3.235
results/resume_finite.log,196,ITensorMPS DMRG,3,-43.68961533404261,64,0.00164,,3.068
results/resume_finite.log,197,ITensorMPS DMRG,4,-43.71890332141915,64,0.00159,,2.825
results/resume_finite.log,198,ITensorMPS DMRG,5,-43.740835450187646,64,0.00148,,2.731
results/resume_finite.log,199,ITensorMPS DMRG,6,-43.75573481786695,64,0.0014,,2.744
results/resume_finite.log,200,ITensorMPS DMRG,7,-43.7571216607637,64,0.00136,,2.748
results/resume_finite.log,201,ITensorMPS DMRG,8,-43.75833850596968,64,0.0014,,2.728
results/resume_finite.log,202,ITensorMPS DMRG,1,-44.256167113036625,128,6.79e-05,,7.9
results/resume_finite.log,203,ITensorMPS DMRG,2,-44.385601346127345,128,0.000196,,10.669
results/resume_finite.log,204,ITensorMPS DMRG,3,-44.426657989399956,128,0.000283,,9.317
results/resume_finite.log,205,ITensorMPS DMRG,4,-44.44890554585889,128,0.000329,,8.662
results/resume_finite.log,206,ITensorMPS DMRG,5,-44.46033955098525,128,0.000339,,9.03
results/resume_finite.log,207,ITensorMPS DMRG,6,-44.46201780950512,128,0.000341,,8.701
results/resume_finite.log,208,ITensorMPS DMRG,7,-44.484370616607336,128,0.00034,,8.3
results/resume_finite.log,209,ITensorMPS DMRG,8,-44.50065073572314,128,0.000345,,8.272
results/resume_finite.log,210,ITensorMPS DMRG,1,-44.663606325462915,256,6.55e-05,,35.119
results/resume_finite.log,211,ITensorMPS DMRG,2,-44.689658015235814,256,0.000154,,42.001
results/resume_finite.log,212,ITensorMPS DMRG,3,-44.695801229792586,256,0.00019,,40.811
results/resume_finite.log,213,ITensorMPS DMRG,4,-44.70072302802864,256,0.000228,,41.76
results/resume_finite.log,214,ITensorMPS DMRG,5,-44.70326264083238,256,0.00026,,1201.859
results/resume_finite.log,215,ITensorMPS DMRG,6,-44.70372240525102,256,0.000275,,37.763
results/resume_finite.log,216,ITensorMPS DMRG,7,-44.7049578355956,256,0.000269,,37.797
results/resume_finite.log,217,ITensorMPS DMRG,8,-44.705963742203615,256,0.000268,,37.894
results/resume_finite.log,218,ITensorMPS DMRG,1,-44.706831388039205,256,0.000269,,55.336
results/resume_finite.log,219,ITensorMPS DMRG,2,-44.70735452416412,256,0.000269,,55.503
results/resume_finite.log,220,ITensorMPS DMRG,3,-44.70783989114822,256,0.000282,,56.115
results/resume_finite.log,221,ITensorMPS DMRG,4,-44.70854588296575,256,0.000288,,56.441
results/resume_finite.log,222,ITensorMPS DMRG,5,-44.70879977099353,256,0.000278,,56.921
results/resume_finite.log,223,ITensorMPS DMRG,6,-44.709036665857326,256,0.000279,,55.953
results/resume_finite.log,224,ITensorMPS DMRG,1,-39.66750219061919,32,0.00504,,1.445
results/resume_finite.log,225,ITensorMPS DMRG,2,-40.454083796181294,32,0.0193,,1.881
results/resume_finite.log,226,ITensorMPS DMRG,3,-40.65730258478612,32,0.0189,,1.792
results/resume_finite.log,227,ITensorMPS DMRG,4,-40.70624928283697,32,0.0188,,1.707
results/resume_finite.log,228,ITensorMPS DMRG,5,-40.733900672828554,32,0.0175,,1.724
results/resume_finite.log,229,ITensorMPS DMRG,6,-40.75462568190393,32,0.0173,,1.906
results/resume_finite.log,230,ITensorMPS DMRG,7,-40.782272384764326,32,0.0174,,1.738
results/resume_finite.log,231,ITensorMPS DMRG,8,-40.847046157120424,32,0.0179,,1.65
results/resume_finite.log,232,ITensorMPS DMRG,1,-41.87054511475857,64,0.00165,,3.445
results/resume_finite.log,233,ITensorMPS DMRG,2,-42.36118908588014,64,0.0134,,4.353
results/resume_finite.log,234,ITensorMPS DMRG,3,-42.447611615986695,64,0.018,,4.221
results/resume_finite.log,235,ITensorMPS DMRG,4,-42.57421002236219,64,0.0184,,3.965
results/resume_finite.log,236,ITensorMPS DMRG,5,-42.64893704811703,64,0.0184,,3.74
results/resume_finite.log,237,ITensorMPS DMRG,6,-42.66443784930869,64,0.0185,,3.962
results/resume_finite.log,238,ITensorMPS DMRG,7,-42.693872277853195,64,0.0185,,4.045
results/resume_finite.log,239,ITensorMPS DMRG,8,-42.73506068876339,64,0.0185,,4.264
results/resume_finite.log,240,ITensorMPS DMRG,1,-43.56458256186831,128,9.46e-05,,12.474
results/resume_finite.log,241,ITensorMPS DMRG,2,-43.73888252960415,128,0.000257,,13.212
results/resume_finite.log,242,ITensorMPS DMRG,3,-43.8076830866436,128,0.000368,,13.639
results/resume_finite.log,243,ITensorMPS DMRG,4,-43.862016942147186,128,0.000483,,13.697
results/resume_finite.log,244,ITensorMPS DMRG,5,-43.89158036091098,128,0.000639,,12.903
results/resume_finite.log,245,ITensorMPS DMRG,6,-43.92559173743666,128,0.000828,,13.246
results/resume_finite.log,246,ITensorMPS DMRG,7,-43.934834445735206,128,0.000946,,12.61
results/resume_finite.log,247,ITensorMPS DMRG,8,-43.94746030088741,128,0.00109,,11.874
results/resume_finite.log,248,ITensorMPS DMRG,1,-44.18772602319022,256,0.000104,,45.572
results/resume_finite.log,249,ITensorMPS DMRG,2,-44.36783325436928,256,0.000279,,61.944
results/resume_finite.log,250,ITensorMPS DMRG,3,-44.41904652472664,256,0.000314,,72.11
results/resume_finite.log,251,ITensorMPS DMRG,4,-44.98216385940167,256,0.000321,,71.069
results/resume_finite.log,252,ITensorMPS DMRG,5,-45.08221302324552,256,0.000332,,68.339
results/resume_finite.log,253,ITensorMPS DMRG,6,-45.115509602658044,256,0.000342,,68.719
results/resume_finite.log,254,ITensorMPS DMRG,7,-45.132564996899035,256,0.000375,,69.913
results/resume_finite.log,255,ITensorMPS DMRG,8,-45.14073281043639,256,0.000368,,69.068
results/resume_finite.log,256,ITensorMPS DMRG,1,-45.14693308715489,256,0.000363,,100.841
results/resume_finite.log,257,ITensorMPS DMRG,2,-45.15812097532783,256,0.000357,,104.707
results/resume_finite.log,258,ITensorMPS DMRG,3,-45.16489995281973,256,0.000341,,107.338
results/resume_finite.log,259,ITensorMPS DMRG,4,-45.16788324319814,256,0.00035,,102.746
results/resume_finite.log,260,ITensorMPS DMRG,5,-45.16961482024566,256,0.000357,,102.082
results/resume_finite.log,261,ITensorMPS DMRG,6,-45.170640612249606,256,0.000355,,102.819
results/scaling_batch.log,5,ITensorMPS DMRG,1,-15.015495629656913,32,2.36e-05,,131.063
results/scaling_batch.log,6,ITensorMPS DMRG,2,-15.024254997901867,32,4.47e-05,,2.651
results/scaling_batch.log,7,ITensorMPS DMRG,3,-15.02455481490672,32,9.21e-05,,3.132
results/scaling_batch.log,8,ITensorMPS DMRG,4,-15.024706617182321,32,8.55e-05,,8.111
results/scaling_batch.log,9,ITensorMPS DMRG,5,-15.024850736521753,32,7.53e-05,,3.601
results/scaling_batch.log,10,ITensorMPS DMRG,6,-15.024938315586219,32,6.74e-05,,4.068
results/validate_small_cylinders.log,1,ITensorMPS DMRG,1,-7.653580933359898,32,1.46e-06,,38.15
results/validate_small_cylinders.log,2,ITensorMPS DMRG,2,-7.6957632535728155,32,1.38e-05,,0.576
results/validate_small_cylinders.log,3,ITensorMPS DMRG,3,-7.696029116512227,32,4.65e-06,,0.358
results/validate_small_cylinders.log,4,ITensorMPS DMRG,4,-7.696030795968497,32,4.6e-06,,0.68
results/validate_small_cylinders.log,5,ITensorMPS DMRG,5,-7.696030836642793,32,4.58e-06,,0.323
results/validate_small_cylinders.log,6,ITensorMPS DMRG,6,-7.696030837127712,32,4.58e-06,,0.372
results/validate_small_cylinders.log,7,ITensorMPS DMRG,7,-7.696030837098386,32,4.58e-06,,0.328
results/validate_small_cylinders.log,8,ITensorMPS DMRG,8,-7.696030837109074,32,4.58e-06,,0.335
results/validate_small_cylinders.log,9,ITensorMPS DMRG,1,-7.696107751834848,64,1.08e-07,,0.758
results/validate_small_cylinders.log,10,ITensorMPS DMRG,2,-7.696107866505238,64,2.64e-08,,0.56
results/validate_small_cylinders.log,11,ITensorMPS DMRG,3,-7.696107901701661,64,1.05e-08,,0.647
results/validate_small_cylinders.log,12,ITensorMPS DMRG,4,-7.69610791193015,64,5.1e-09,,0.414
results/validate_small_cylinders.log,13,ITensorMPS DMRG,5,-7.696107911726416,64,4.99e-09,,0.394
results/validate_small_cylinders.log,14,ITensorMPS DMRG,6,-7.696107911240996,64,4.99e-09,,0.484
results/validate_small_cylinders.log,15,ITensorMPS DMRG,7,-7.696107911201926,64,4.99e-09,,0.468
results/validate_small_cylinders.log,16,ITensorMPS DMRG,8,-7.696107911195605,64,4.99e-09,,0.389
results/validate_small_cylinders.log,17,ITensorMPS DMRG,1,-7.69610797640454,120,9.98e-11,,0.617
results/validate_small_cylinders.log,18,ITensorMPS DMRG,2,-7.696107976107931,113,9.92e-11,,0.797
results/validate_small_cylinders.log,19,ITensorMPS DMRG,3,-7.696107974915336,104,9.99e-11,,0.62
results/validate_small_cylinders.log,20,ITensorMPS DMRG,4,-7.696107973858749,91,9.65e-11,,0.466
results/validate_small_cylinders.log,21,ITensorMPS DMRG,5,-7.696107973775492,90,9.89e-11,,0.426
results/validate_small_cylinders.log,22,ITensorMPS DMRG,6,-7.69610797377738,90,9.31e-11,,0.545
results/validate_small_cylinders.log,23,ITensorMPS DMRG,7,-7.696107973777318,90,9.31e-11,,0.526
results/validate_small_cylinders.log,24,ITensorMPS DMRG,8,-7.696107973777314,90,9.31e-11,,0.376
results/validate_small_cylinders.log,25,ITensorMPS DMRG,1,-7.696107978198691,103,9.83e-12,,0.729
results/validate_small_cylinders.log,26,ITensorMPS DMRG,2,-7.69610797829943,103,9.96e-12,,0.712
results/validate_small_cylinders.log,27,ITensorMPS DMRG,3,-7.69610797831377,103,9.35e-12,,0.675
results/validate_small_cylinders.log,28,ITensorMPS DMRG,4,-7.696107978313755,103,9.35e-12,,0.58
results/validate_small_cylinders.log,29,ITensorMPS DMRG,5,-7.696107978313744,103,9.35e-12,,0.581
results/validate_small_cylinders.log,30,ITensorMPS DMRG,6,-7.696107978313739,103,9.35e-12,,0.598
results/validate_small_cylinders.log,32,ITensorMPS DMRG,1,-7.9655097784180775,32,0.000304,,0.294
results/validate_small_cylinders.log,33,ITensorMPS DMRG,2,-7.991312455407254,32,0.000538,,0.334
results/validate_small_cylinders.log,34,ITensorMPS DMRG,3,-7.99218255647445,32,0.000197,,0.332
results/validate_small_cylinders.log,35,ITensorMPS DMRG,4,-7.9922705755244605,32,0.000172,,0.434
results/validate_small_cylinders.log,36,ITensorMPS DMRG,5,-7.992287093191497,32,0.000174,,0.37
results/validate_small_cylinders.log,37,ITensorMPS DMRG,6,-7.9923186896060106,32,0.000174,,0.337
results/validate_small_cylinders.log,38,ITensorMPS DMRG,7,-7.992323893808545,32,0.000173,,0.336
results/validate_small_cylinders.log,39,ITensorMPS DMRG,8,-7.9923260950858905,32,0.000172,,0.469
results/validate_small_cylinders.log,40,ITensorMPS DMRG,1,-7.993856565664144,64,4.76e-06,,0.827
results/validate_small_cylinders.log,41,ITensorMPS DMRG,2,-7.993949110352712,64,4.76e-06,,1.174
results/validate_small_cylinders.log,42,ITensorMPS DMRG,3,-7.99395264662367,64,4.84e-06,,0.784
results/validate_small_cylinders.log,43,ITensorMPS DMRG,4,-7.993953255297056,64,4.84e-06,,0.543
results/validate_small_cylinders.log,44,ITensorMPS DMRG,5,-7.993953519007488,64,4.83e-06,,0.636
results/validate_small_cylinders.log,45,ITensorMPS DMRG,6,-7.993950028085934,64,4.83e-06,,0.642
results/validate_small_cylinders.log,46,ITensorMPS DMRG,7,-7.9939549168321795,64,4.75e-06,,0.672
results/validate_small_cylinders.log,47,ITensorMPS DMRG,8,-7.993954963519632,64,4.75e-06,,0.827
results/validate_small_cylinders.log,48,ITensorMPS DMRG,1,-7.994296002573664,128,1.81e-07,,1.989
results/validate_small_cylinders.log,49,ITensorMPS DMRG,2,-7.994300579627621,128,1.01e-07,,1.189
results/validate_small_cylinders.log,50,ITensorMPS DMRG,3,-7.994300687841201,128,8.11e-08,,5.585
results/validate_small_cylinders.log,51,ITensorMPS DMRG,4,-7.9943007072176195,128,7.82e-08,,0.925
results/validate_small_cylinders.log,52,ITensorMPS DMRG,5,-7.9943007099582335,128,7.81e-08,,0.953
results/validate_small_cylinders.log,53,ITensorMPS DMRG,6,-7.994300710785436,128,7.81e-08,,0.94
results/validate_small_cylinders.log,54,ITensorMPS DMRG,7,-7.994300711065653,128,7.81e-08,,0.978
results/validate_small_cylinders.log,55,ITensorMPS DMRG,8,-7.99430071118201,128,7.81e-08,,1.104
results/validate_small_cylinders.log,56,ITensorMPS DMRG,1,-7.994300712619774,128,7.89e-08,,1.264
results/validate_small_cylinders.log,57,ITensorMPS DMRG,2,-7.9943007126238355,128,7.89e-08,,1.24
results/validate_small_cylinders.log,58,ITensorMPS DMRG,3,-7.994300712626154,128,7.89e-08,,1.943
results/validate_small_cylinders.log,59,ITensorMPS DMRG,4,-7.994300712626754,128,7.89e-08,,1.315
results/validate_small_cylinders.log,60,ITensorMPS DMRG,5,-7.994300712627035,128,7.89e-08,,1.565
results/validate_small_cylinders.log,61,ITensorMPS DMRG,6,-7.994300712627229,128,7.89e-08,,3.418
results/validate_small_cylinders_refined.log,2,ITensorMPS DMRG,1,-7.99430189092878,256,1.45e-10,,21.628
results/validate_small_cylinders_refined.log,3,ITensorMPS DMRG,2,-7.994302044877883,256,2.39e-10,,3.509
results/validate_small_cylinders_refined.log,4,ITensorMPS DMRG,3,-7.994302044934446,256,1.64e-10,,4.87
results/validate_small_cylinders_refined.log,5,ITensorMPS DMRG,4,-7.994302044934144,256,1.63e-10,,3.428
results/validate_small_cylinders_refined.log,6,ITensorMPS DMRG,5,-7.9943020449340985,256,1.63e-10,,3.028
results/validate_small_cylinders_refined.log,7,ITensorMPS DMRG,6,-7.994302044934104,256,1.63e-10,,2.362
results/validate_small_cylinders_refined.log,8,ITensorMPS DMRG,7,-7.994302044934075,256,1.63e-10,,2.633
results/validate_small_cylinders_refined.log,9,ITensorMPS DMRG,8,-7.994302044934084,256,1.63e-10,,2.518
results/validate_small_cylinders_refined.log,10,ITensorMPS DMRG,1,-7.994302044934082,256,1.63e-10,,3.581
results/validate_small_cylinders_refined.log,11,ITensorMPS DMRG,2,-7.9943020449340905,256,1.63e-10,,2.92
results/validate_small_cylinders_refined.log,12,ITensorMPS DMRG,3,-7.9943020449340665,256,1.63e-10,,2.729
results/validate_small_cylinders_refined.log,13,ITensorMPS DMRG,4,-7.994302044934092,256,1.63e-10,,3.184
results/validate_small_cylinders_refined.log,14,ITensorMPS DMRG,5,-7.994302044934083,256,1.63e-10,,2.545
results/validate_small_cylinders_refined.log,15,ITensorMPS DMRG,6,-7.994302044934077,256,1.63e-10,,2.947
results/validate_small_cylinders_refined.log,16,ITensorMPS DMRG,7,-7.994302044934081,256,1.63e-10,,2.796
results/validate_small_cylinders_refined.log,17,ITensorMPS DMRG,8,-7.994302044934075,256,1.63e-10,,2.455
results/validation.log,1,ITensorMPS DMRG,1,-2.4030921275401798,12,1.44e-16,,18.187
results/validation.log,2,ITensorMPS DMRG,2,-2.4030921275401793,12,1.71e-16,,0.035
results/validation.log,3,ITensorMPS DMRG,3,-2.4030921275401806,12,1.75e-16,,0.004
results/validation.log,4,ITensorMPS DMRG,4,-2.4030921275401798,8,0.0,,2.802
results/validation.log,5,ITensorMPS DMRG,5,-2.40309212754018,8,0.0,,0.004
results/validation.log,6,ITensorMPS DMRG,6,-2.4030921275401793,8,0.0,,0.003
results/validation.log,7,ITensorMPS DMRG,7,-2.4030921275401798,8,0.0,,0.004
results/validation.log,8,ITensorMPS DMRG,8,-2.4030921275401798,8,0.0,,0.003
results/validation.log,9,ITensorMPS DMRG,9,-2.4030921275401806,8,0.0,,0.004
results/validation.log,10,ITensorMPS DMRG,10,-2.4030921275401798,8,0.0,,0.013
results/validation.log,11,ITensorMPS DMRG,11,-2.4030921275401798,8,0.0,,0.003
results/validation.log,12,ITensorMPS DMRG,12,-2.40309212754018,8,0.0,,0.003
results/validation.log,13,ITensorMPS DMRG,13,-2.40309212754018,8,0.0,,0.003
results/validation.log,14,ITensorMPS DMRG,14,-2.40309212754018,8,0.0,,0.003
results/validation.log,15,ITensorMPS DMRG,15,-2.4030921275401798,8,0.0,,0.003
results/validation.log,16,ITensorMPS DMRG,16,-2.40309212754018,8,0.0,,0.003
results/validation.log,17,ITensorMPS DMRG,17,-2.4030921275401806,8,0.0,,0.005
results/validation.log,18,ITensorMPS DMRG,18,-2.4030921275401798,8,0.0,,0.004
results/validation.log,19,ITensorMPS DMRG,19,-2.4030921275401793,8,0.0,,0.004
results/validation.log,20,ITensorMPS DMRG,20,-2.4030921275401793,8,0.0,,0.004
results/validation.log,21,ITensorMPS DMRG,21,-2.4030921275401793,8,0.0,,0.015
results/validation.log,22,ITensorMPS DMRG,22,-2.4030921275401798,8,0.0,,0.003
results/validation.log,23,ITensorMPS DMRG,23,-2.4030921275401798,8,0.0,,0.003
results/validation.log,24,ITensorMPS DMRG,24,-2.4030921275401798,8,0.0,,0.003
results/validation.log,25,ITensorMPS DMRG,1,-3.5788891365123296,16,0.00508,,0.081
results/validation.log,26,ITensorMPS DMRG,2,-4.396765543510717,32,1.43e-06,,0.115
results/validation.log,27,ITensorMPS DMRG,3,-4.396765543513646,64,5.79e-09,,0.083
results/validation.log,28,ITensorMPS DMRG,4,-4.396765543513643,32,0.0,,0.058
results/validation.log,29,ITensorMPS DMRG,5,-4.396765543513646,32,0.0,,0.042
results/validation.log,30,ITensorMPS DMRG,6,-4.396765543513647,32,0.0,,0.032
results/validation.log,31,ITensorMPS DMRG,7,-4.396765543513644,32,0.0,,0.039
results/validation.log,32,ITensorMPS DMRG,8,-4.396765543513644,32,0.0,,0.039
results/validation.log,33,ITensorMPS DMRG,9,-4.396765543513645,32,0.0,,0.045
results/validation.log,34,ITensorMPS DMRG,10,-4.396765543513647,32,0.0,,0.036
results/validation.log,35,ITensorMPS DMRG,11,-4.396765543513646,32,0.0,,0.036
results/validation.log,36,ITensorMPS DMRG,12,-4.396765543513645,32,0.0,,0.037
results/validation.log,37,ITensorMPS DMRG,13,-4.396765543513644,32,0.0,,0.033
results/validation.log,38,ITensorMPS DMRG,14,-4.396765543513648,32,0.0,,0.033
results/validation.log,39,ITensorMPS DMRG,15,-4.396765543513647,32,0.0,,0.051
results/validation.log,40,ITensorMPS DMRG,16,-4.396765543513644,32,0.0,,0.035
results/validation.log,41,ITensorMPS DMRG,17,-4.396765543513642,32,0.0,,0.038
results/validation.log,42,ITensorMPS DMRG,18,-4.396765543513649,32,0.0,,0.036
results/validation.log,43,ITensorMPS DMRG,19,-4.396765543513645,32,0.0,,0.045
results/validation.log,44,ITensorMPS DMRG,20,-4.396765543513644,32,0.0,,0.034
results/validation.log,45,ITensorMPS DMRG,21,-4.396765543513646,32,0.0,,0.038
results/validation.log,46,ITensorMPS DMRG,22,-4.396765543513644,32,0.0,,0.037
results/validation.log,47,ITensorMPS DMRG,23,-4.396765543513642,32,0.0,,0.039
results/validation.log,48,ITensorMPS DMRG,24,-4.396765543513644,32,0.0,,0.034
results/validation.log,49,ITensorMPS DMRG,1,-4.73252569906966,16,0.00185,,0.151
results/validation.log,50,ITensorMPS DMRG,2,-6.143666978129953,32,0.000771,,0.226
results/validation.log,51,ITensorMPS DMRG,3,-6.918557934599542,64,0.000494,,0.376
results/validation.log,52,ITensorMPS DMRG,4,-7.270071315609745,128,0.000304,,0.639
results/validation.log,53,ITensorMPS DMRG,5,-7.363823056498412,256,2.73e-05,,1.576
results/validation.log,54,ITensorMPS DMRG,6,-7.364534583318594,507,9.86e-14,,2.292
results/validation.log,55,ITensorMPS DMRG,7,-7.36453483589133,499,9.33e-14,,2.657
results/validation.log,56,ITensorMPS DMRG,8,-7.364534839333714,487,9.27e-14,,2.569
results/validation.log,57,ITensorMPS DMRG,9,-7.364534839422227,472,9.59e-14,,2.634
results/validation.log,58,ITensorMPS DMRG,10,-7.364534839425246,464,9.29e-14,,2.335
results/validation.log,59,ITensorMPS DMRG,11,-7.364534839424958,460,8.39e-14,,2.407
results/validation.log,60,ITensorMPS DMRG,12,-7.364534839424995,460,9.94e-14,,2.492
results/validation.log,61,ITensorMPS DMRG,13,-7.364534839424986,460,9.89e-14,,2.435
results/validation.log,62,ITensorMPS DMRG,14,-7.364534839425,460,9.87e-14,,2.495
results/validation.log,63,ITensorMPS DMRG,15,-7.364534839425004,460,9.87e-14,,2.304
results/validation.log,64,ITensorMPS DMRG,16,-7.3645348394249845,460,9.87e-14,,2.406
results/validation.log,65,ITensorMPS DMRG,17,-7.3645348394250005,460,9.87e-14,,2.585
results/validation.log,66,ITensorMPS DMRG,18,-7.364534839424994,460,9.87e-14,,2.62
results/validation.log,67,ITensorMPS DMRG,19,-7.364534839424999,460,9.87e-14,,2.326
results/validation.log,68,ITensorMPS DMRG,20,-7.364534839424993,460,9.87e-14,,2.479
results/validation.log,69,ITensorMPS DMRG,21,-7.364534839424996,460,9.87e-14,,2.605
results/validation.log,70,ITensorMPS DMRG,22,-7.364534839424995,460,9.87e-14,,2.325
results/validation.log,71,ITensorMPS DMRG,23,-7.364534839425002,460,9.87e-14,,2.656
results/validation.log,72,ITensorMPS DMRG,24,-7.364534839424999,460,9.87e-14,,2.87
results/validation_pinned.log,1,ITensorMPS DMRG,1,-2.4030921275401798,12,1.44e-16,,57.612
results/validation_pinned.log,2,ITensorMPS DMRG,2,-2.4030921275401793,12,1.71e-16,,0.478
results/validation_pinned.log,3,ITensorMPS DMRG,3,-2.4030921275401806,12,1.75e-16,,0.013
results/validation_pinned.log,4,ITensorMPS DMRG,4,-2.4030921275401798,8,0.0,,10.817
results/validation_pinned.log,5,ITensorMPS DMRG,5,-2.40309212754018,8,0.0,,0.011
results/validation_pinned.log,6,ITensorMPS DMRG,6,-2.4030921275401793,8,0.0,,0.009
results/validation_pinned.log,7,ITensorMPS DMRG,7,-2.4030921275401798,8,0.0,,0.012
results/validation_pinned.log,8,ITensorMPS DMRG,8,-2.4030921275401798,8,0.0,,0.01
results/validation_pinned.log,9,ITensorMPS DMRG,9,-2.4030921275401806,8,0.0,,0.079
results/validation_pinned.log,10,ITensorMPS DMRG,10,-2.4030921275401798,8,0.0,,0.011
results/validation_pinned.log,11,ITensorMPS DMRG,11,-2.4030921275401798,8,0.0,,0.012
results/validation_pinned.log,12,ITensorMPS DMRG,12,-2.40309212754018,8,0.0,,0.009
results/validation_pinned.log,13,ITensorMPS DMRG,13,-2.40309212754018,8,0.0,,0.008
results/validation_pinned.log,14,ITensorMPS DMRG,14,-2.40309212754018,8,0.0,,0.011
results/validation_pinned.log,15,ITensorMPS DMRG,15,-2.4030921275401798,8,0.0,,0.009
results/validation_pinned.log,16,ITensorMPS DMRG,16,-2.40309212754018,8,0.0,,0.012
results/validation_pinned.log,17,ITensorMPS DMRG,17,-2.4030921275401806,8,0.0,,0.025
results/validation_pinned.log,18,ITensorMPS DMRG,18,-2.4030921275401798,8,0.0,,0.007
results/validation_pinned.log,19,ITensorMPS DMRG,19,-2.4030921275401793,8,0.0,,0.007
results/validation_pinned.log,20,ITensorMPS DMRG,20,-2.4030921275401793,8,0.0,,0.006
results/validation_pinned.log,21,ITensorMPS DMRG,21,-2.4030921275401793,8,0.0,,0.008
results/validation_pinned.log,22,ITensorMPS DMRG,22,-2.4030921275401798,8,0.0,,0.009
results/validation_pinned.log,23,ITensorMPS DMRG,23,-2.4030921275401798,8,0.0,,0.006
results/validation_pinned.log,24,ITensorMPS DMRG,24,-2.4030921275401798,8,0.0,,0.007
results/validation_pinned.log,25,ITensorMPS DMRG,1,-3.5788891365123296,16,0.00508,,0.28
results/validation_pinned.log,26,ITensorMPS DMRG,2,-4.396765543510717,32,1.43e-06,,0.311
results/validation_pinned.log,27,ITensorMPS DMRG,3,-4.396765543513646,64,5.79e-09,,0.218
results/validation_pinned.log,28,ITensorMPS DMRG,4,-4.396765543513643,32,0.0,,0.205
results/validation_pinned.log,29,ITensorMPS DMRG,5,-4.396765543513646,32,0.0,,0.113
results/validation_pinned.log,30,ITensorMPS DMRG,6,-4.396765543513647,32,0.0,,0.084
results/validation_pinned.log,31,ITensorMPS DMRG,7,-4.396765543513644,32,0.0,,0.076
results/validation_pinned.log,32,ITensorMPS DMRG,8,-4.396765543513644,32,0.0,,0.077
results/validation_pinned.log,33,ITensorMPS DMRG,9,-4.396765543513645,32,0.0,,0.122
results/validation_pinned.log,34,ITensorMPS DMRG,10,-4.396765543513647,32,0.0,,0.089
results/validation_pinned.log,35,ITensorMPS DMRG,11,-4.396765543513646,32,0.0,,0.085
results/validation_pinned.log,36,ITensorMPS DMRG,12,-4.396765543513645,32,0.0,,0.085
results/validation_pinned.log,37,ITensorMPS DMRG,13,-4.396765543513644,32,0.0,,0.163
results/validation_pinned.log,38,ITensorMPS DMRG,14,-4.396765543513648,32,0.0,,0.138
results/validation_pinned.log,39,ITensorMPS DMRG,15,-4.396765543513647,32,0.0,,0.155
results/validation_pinned.log,40,ITensorMPS DMRG,16,-4.396765543513644,32,0.0,,0.105
results/validation_pinned.log,41,ITensorMPS DMRG,17,-4.396765543513642,32,0.0,,0.107
results/validation_pinned.log,42,ITensorMPS DMRG,18,-4.396765543513649,32,0.0,,0.093
results/validation_pinned.log,43,ITensorMPS DMRG,19,-4.396765543513645,32,0.0,,0.583
results/validation_pinned.log,44,ITensorMPS DMRG,20,-4.396765543513644,32,0.0,,0.138
results/validation_pinned.log,45,ITensorMPS DMRG,21,-4.396765543513646,32,0.0,,0.159
results/validation_pinned.log,46,ITensorMPS DMRG,22,-4.396765543513644,32,0.0,,0.131
results/validation_pinned.log,47,ITensorMPS DMRG,23,-4.396765543513642,32,0.0,,0.167
results/validation_pinned.log,48,ITensorMPS DMRG,24,-4.396765543513644,32,0.0,,0.144
results/validation_pinned.log,49,ITensorMPS DMRG,1,-4.73252569906966,16,0.00185,,0.502
results/validation_pinned.log,50,ITensorMPS DMRG,2,-6.143666978129953,32,0.000771,,0.701
results/validation_pinned.log,51,ITensorMPS DMRG,3,-6.918557934599542,64,0.000494,,0.851
results/validation_pinned.log,52,ITensorMPS DMRG,4,-7.270071315609745,128,0.000304,,1.935
results/validation_pinned.log,53,ITensorMPS DMRG,5,-7.363823056498412,256,2.73e-05,,6.204
results/validation_pinned.log,54,ITensorMPS DMRG,6,-7.364534583318594,507,9.86e-14,,6.456
results/validation_pinned.log,55,ITensorMPS DMRG,7,-7.36453483589133,499,9.33e-14,,7.345
results/validation_pinned.log,56,ITensorMPS DMRG,8,-7.364534839333714,487,9.27e-14,,5.758
results/validation_pinned.log,57,ITensorMPS DMRG,9,-7.364534839422227,472,9.59e-14,,6.042
results/validation_pinned.log,58,ITensorMPS DMRG,10,-7.364534839425246,464,9.29e-14,,5.669
results/validation_pinned.log,59,ITensorMPS DMRG,11,-7.364534839424958,460,8.39e-14,,6.515
results/validation_pinned.log,60,ITensorMPS DMRG,12,-7.364534839424995,460,9.94e-14,,7.152
results/validation_pinned.log,61,ITensorMPS DMRG,13,-7.364534839424986,460,9.89e-14,,8.989
results/validation_pinned.log,62,ITensorMPS DMRG,14,-7.364534839425,460,9.87e-14,,6.679
results/validation_pinned.log,63,ITensorMPS DMRG,15,-7.364534839425004,460,9.87e-14,,7.326
results/validation_pinned.log,64,ITensorMPS DMRG,16,-7.3645348394249845,460,9.87e-14,,8.255
results/validation_pinned.log,65,ITensorMPS DMRG,17,-7.3645348394250005,460,9.87e-14,,6.806
results/validation_pinned.log,66,ITensorMPS DMRG,18,-7.364534839424994,460,9.87e-14,,6.634
results/validation_pinned.log,67,ITensorMPS DMRG,19,-7.364534839424999,460,9.87e-14,,7.987
results/validation_pinned.log,68,ITensorMPS DMRG,20,-7.364534839424993,460,9.87e-14,,6.231
results/validation_pinned.log,69,ITensorMPS DMRG,21,-7.364534839424996,460,9.87e-14,,5.522
results/validation_pinned.log,70,ITensorMPS DMRG,22,-7.364534839424995,460,9.87e-14,,5.441
results/validation_pinned.log,71,ITensorMPS DMRG,23,-7.364534839425002,460,9.87e-14,,6.483
results/validation_pinned.log,72,ITensorMPS DMRG,24,-7.364534839424999,460,9.87e-14,,9.765
results/zigzag_L6_w2_chi256_star.log,5,ITensorMPS DMRG,1,-44.43623803390323,256,4.21e-05,,279.955
